timestamp,open,high,low,close,volume,MarketCapital
2014-11-13,14.974,14.974,14.974,14.974,24900.0,17367.0
2014-11-14,15.988,15.988,15.988,15.988,67050.0,17195.0
2014-11-17,17.08,17.08,17.08,17.08,191590.0,17160.0
2014-11-18,18.25,18.25,18.25,18.25,407410.0,16885.0
2014-11-19,19.498,19.498,19.498,19.498,1320150.0,16851.0
2014-11-20,20.824,20.824,19.888,20.824,1373120.0,16851.0
2014-11-21,22.15,22.15,20.278,20.512,701860.0,16885.0
2014-11-24,19.264,19.264,19.108,19.108,389140.0,16782.0
2014-11-25,17.782,18.016,17.782,17.782,952340.0,16920.0
2014-11-26,16.69,17.548,16.612,16.612,1082920.0,16782.0
2014-11-27,15.52,16.067,15.52,15.833,2426330.0,16748.0
2014-11-28,15.91,16.768,15.52,16.612,957350.0,16541.0
2014-12-01,16.378,16.612,15.52,15.52,719980.0,16438.0
2014-12-02,14.506,14.818,14.506,14.506,1603610.0,16404.0
2014-12-03,13.493,14.038,13.493,13.648,2370780.0,16576.0
2014-12-04,13.571,14.506,13.571,14.116,806870.0,16713.0
2014-12-05,13.882,14.195,13.571,13.727,279370.0,16748.0
2014-12-08,13.727,13.727,12.791,12.791,1592810.0,16610.0
2014-12-09,12.635,12.635,11.933,11.933,1692290.0,16232.0
2014-12-10,11.542,12.712,11.542,12.712,537080.0,16404.0
2014-12-11,12.712,13.18,12.635,12.712,698100.0,16301.0
2014-12-12,12.712,12.791,12.478,12.791,89070.0,16541.0
2014-12-15,12.791,12.869,12.401,12.401,191980.0,16438.0
2014-12-16,12.323,12.401,11.542,12.401,889910.0,16232.0
2014-12-17,12.167,12.323,11.542,11.542,439980.0,15544.0
2014-12-18,11.542,12.323,11.542,12.323,545010.0,15888.0
2014-12-19,12.478,12.557,11.465,11.465,287910.0,15682.0
2014-12-22,11.621,11.855,11.465,11.855,276050.0,15922.0
2014-12-23,11.699,11.933,11.465,11.542,57440.0,16129.0
2014-12-24,11.776,11.855,11.542,11.699,244100.0,16129.0
2014-12-25,11.776,11.776,11.387,11.621,65570.0,15991.0
2014-12-26,11.542,11.542,10.84,10.919,354410.0,15888.0
2014-12-29,10.529,11.308,10.217,10.217,354590.0,15785.0
2014-12-30,10.217,10.373,9.749,10.217,536590.0,15922.0
2014-12-31,10.373,10.919,10.373,10.919,214650.0,16507.0
2015-01-05,10.919,11.621,10.919,11.621,864170.0,16438.0
2015-01-06,11.621,12.401,11.308,12.323,528020.0,16541.0
2015-01-07,12.323,12.635,12.01,12.01,210410.0,16644.0
2015-01-08,11.699,12.089,11.542,11.776,274440.0,16473.0
2015-01-09,11.933,12.244,11.776,12.167,564240.0,16610.0
2015-01-12,12.323,12.401,11.699,11.699,341840.0,16713.0
2015-01-13,11.699,11.699,11.308,11.308,461700.0,16748.0
2015-01-14,11.308,11.699,11.153,11.387,529660.0,16713.0
2015-01-15,11.699,11.855,11.387,11.699,761340.0,16748.0
2015-01-16,11.933,11.933,11.542,11.699,760810.0,16679.0
2015-01-19,11.699,11.699,11.308,11.308,257310.0,16507.0
2015-01-20,11.308,11.465,11.308,11.387,185910.0,16507.0
2015-01-21,11.542,11.542,10.685,10.84,598950.0,16644.0
2015-01-22,10.84,11.074,10.763,10.84,256630.0,16576.0
2015-01-23,10.997,11.231,10.763,11.153,253120.0,16644.0
2015-01-26,11.153,11.231,10.919,11.074,267550.0,16644.0
2015-01-27,11.074,11.153,10.451,10.763,530150.0,16507.0
2015-01-28,10.763,10.919,10.451,10.685,504860.0,16473.0
2015-01-29,10.607,10.997,10.529,10.84,595170.0,16473.0
2015-01-30,10.84,10.997,10.529,10.685,477720.0,16335.0
2015-02-02,10.529,10.997,10.451,10.451,373020.0,16301.0
2015-02-03,10.295,10.607,10.295,10.373,440770.0,16163.0
2015-02-04,10.295,10.295,9.827,10.061,463470.0,16129.0
2015-02-05,10.061,10.061,9.749,9.827,419060.0,16232.0
2015-02-06,9.749,9.905,9.515,9.749,372810.0,16266.0
2015-02-09,9.749,9.749,9.203,9.203,436360.0,16232.0
2015-02-10,8.891,9.125,8.579,8.891,1200070.0,16197.0
2015-02-11,8.579,9.359,8.501,9.359,286540.0,16335.0
2015-02-12,9.047,9.437,8.891,9.047,757570.0,16438.0
2015-02-13,8.891,9.047,8.813,9.047,491920.0,16507.0
2015-02-24,9.281,9.671,9.203,9.671,678650.0,16713.0
2015-02-25,9.905,10.061,9.749,9.749,698410.0,16679.0
2015-02-26,9.749,9.827,9.593,9.827,307260.0,16851.0
2015-02-27,9.515,9.749,9.515,9.671,305130.0,16782.0
2015-03-02,9.593,9.983,9.359,9.437,1773570.0,16679.0
2015-03-03,9.437,9.749,9.437,9.749,457710.0,16816.0
2015-03-04,9.905,10.373,9.827,10.373,1397150.0,17195.0
2015-03-05,10.529,10.84,10.451,10.451,1364550.0,17195.0
2015-03-06,10.373,10.763,10.295,10.763,782930.0,17195.0
2015-03-09,10.607,10.685,10.295,10.451,599870.0,16920.0
2015-03-10,10.451,10.529,10.217,10.373,1014100.0,17092.0
2015-03-11,10.373,10.685,10.373,10.373,624740.0,17023.0
2015-03-12,10.451,10.607,10.295,10.529,353040.0,16920.0
2015-03-13,10.529,10.607,10.217,10.217,367330.0,16920.0
2015-03-16,10.217,10.373,9.905,9.905,704400.0,16988.0
2015-03-17,9.905,10.061,9.905,9.905,245840.0,17195.0
2015-03-18,9.905,10.139,9.827,10.139,617340.0,17057.0
2015-03-19,10.139,10.139,9.983,10.061,237520.0,17023.0
2015-03-20,10.061,10.061,9.905,9.983,213500.0,17126.0
2015-03-23,9.983,10.061,9.671,9.671,264810.0,16988.0
2015-03-24,9.593,9.671,9.437,9.671,209300.0,16885.0
2015-03-25,9.671,9.671,9.437,9.515,229120.0,16920.0
2015-03-26,9.437,9.749,9.437,9.515,322530.0,16954.0
2015-03-27,9.593,9.749,9.515,9.515,290600.0,16920.0
2015-03-30,9.515,9.515,9.203,9.203,289030.0,16644.0
2015-03-31,9.125,9.359,9.125,9.203,242750.0,16644.0
2015-04-01,9.203,9.203,8.813,8.891,584290.0,16404.0
2015-04-02,8.969,9.359,8.813,8.969,264550.0,16541.0
2015-04-03,8.969,9.359,8.891,9.125,212190.0,16782.0
2015-04-06,9.125,9.359,9.125,9.125,236040.0,16679.0
2015-04-07,9.125,9.515,9.125,9.437,250760.0,16816.0
2015-04-08,9.437,9.515,9.281,9.359,223050.0,16816.0
2015-04-09,9.437,9.515,9.281,9.515,165600.0,16816.0
2015-04-10,9.359,9.593,9.359,9.359,179460.0,16920.0
2015-04-13,9.437,9.437,9.125,9.281,349430.0,16920.0
2015-04-14,9.125,9.359,9.125,9.203,163220.0,16748.0
2015-04-15,9.281,9.281,9.125,9.203,192410.0,16816.0
2015-04-16,9.281,9.281,9.203,9.203,141730.0,16782.0
2015-04-17,9.281,9.437,9.125,9.359,345710.0,17539.0
2015-04-20,9.281,9.281,9.047,9.203,212930.0,17367.0
2015-04-21,9.125,9.203,9.047,9.047,343450.0,17195.0
2015-04-22,9.125,9.203,9.047,9.047,148610.0,17195.0
2015-04-23,9.047,9.125,9.047,9.125,135260.0,17367.0
2015-04-24,9.047,9.203,8.969,9.047,201060.0,17367.0
2015-04-27,9.047,9.047,8.657,8.735,253040.0,17711.0
2015-05-04,8.657,8.735,8.189,8.189,446090.0,16988.0
2015-05-05,7.877,7.955,7.643,7.643,746200.0,17195.0
2015-05-06,7.643,7.799,7.176,7.176,306780.0,17057.0
2015-05-07,6.942,7.643,6.942,7.643,420720.0,17160.0
2015-05-08,7.643,8.033,7.565,7.877,411000.0,17160.0
2015-05-11,7.877,7.955,7.565,7.721,105600.0,17092.0
2015-05-12,7.643,7.799,7.487,7.487,338110.0,16920.0
2015-05-13,7.487,7.721,7.331,7.487,203340.0,16920.0
2015-05-14,7.565,7.643,7.565,7.643,241750.0,16954.0
2015-05-15,7.643,7.721,7.409,7.409,183930.0,16885.0
2015-05-18,7.331,7.409,7.176,7.176,240170.0,16782.0
2015-05-19,7.253,7.331,7.097,7.253,237120.0,16920.0
2015-05-20,7.253,7.721,7.253,7.721,328580.0,17539.0
2015-05-21,7.721,7.799,7.487,7.643,129880.0,18054.0
2015-05-22,7.565,8.033,7.487,7.799,530650.0,17976.0
2015-05-25,7.955,8.345,7.955,8.345,595280.0,18668.0
2015-05-26,8.891,8.891,8.813,8.891,190270.0,18322.0
2015-05-27,9.125,9.281,9.047,9.047,1403140.0,18149.0
2015-05-28,9.125,9.593,9.047,9.281,735760.0,15695.0
2015-05-29,9.125,9.359,8.969,8.969,444110.0,15556.0
2015-06-01,8.969,9.125,8.813,8.891,343600.0,15314.0
2015-06-02,8.891,8.969,8.735,8.735,329650.0,15107.0
2015-06-03,8.735,8.969,8.657,8.813,290600.0,15280.0
2015-06-04,8.969,9.125,8.891,8.969,479110.0,15349.0
2015-06-05,8.969,9.281,8.969,9.203,424790.0,15487.0
2015-06-08,9.281,9.593,9.203,9.203,878770.0,15314.0
2015-06-09,9.125,9.827,9.125,9.671,1525250.0,15314.0
2015-06-10,9.671,9.827,9.437,9.671,415500.0,15418.0
2015-06-11,9.671,9.749,9.203,9.203,852250.0,15487.0
2015-06-12,9.203,9.515,9.203,9.281,528570.0,15591.0
2015-06-15,9.281,9.437,9.203,9.281,505660.0,15556.0
2015-06-16,9.203,9.203,8.735,8.891,816460.0,15383.0
2015-06-17,8.735,8.813,8.501,8.657,374580.0,15349.0
2015-06-18,8.657,8.891,8.657,8.735,243650.0,15383.0
2015-06-19,8.891,8.891,8.501,8.579,215440.0,15487.0
2015-06-22,8.579,8.657,8.345,8.423,257090.0,15764.0
2015-06-23,8.423,8.579,8.423,8.501,151410.0,15729.0
2015-06-24,8.501,8.501,8.345,8.345,243400.0,15625.0
2015-06-25,8.345,8.345,8.033,8.033,303520.0,15556.0
2015-06-26,8.189,8.345,8.033,8.033,286560.0,16006.0
2015-06-29,7.955,8.111,7.955,8.033,297210.0,16179.0
2015-06-30,7.955,8.189,7.877,7.955,253830.0,16040.0
2015-07-01,7.955,7.955,7.721,7.877,382560.0,16179.0
2015-07-02,7.877,8.033,7.799,7.877,492940.0,16317.0
2015-07-03,8.111,8.423,8.033,8.423,963700.0,16248.0
2015-07-06,8.579,8.969,8.579,8.735,530120.0,16421.0
2015-07-07,8.579,8.735,8.501,8.501,360110.0,16455.0
2015-07-08,8.501,8.579,8.111,8.579,485250.0,16144.0
2015-07-09,8.579,8.579,8.267,8.579,346780.0,16144.0
2015-07-10,8.579,8.579,8.267,8.423,229660.0,16109.0
2015-07-13,8.345,8.423,8.267,8.345,392560.0,18644.0
2015-07-14,8.267,8.423,8.267,8.345,233680.0,18644.0
2015-07-15,8.267,8.345,8.189,8.189,263530.0,18445.0
2015-07-16,8.267,8.345,8.033,8.033,215750.0,18445.0
2015-07-17,8.189,8.189,8.033,8.033,141320.0,18445.0
2015-07-20,8.189,8.189,7.877,7.955,103270.0,18366.0
2015-07-21,8.111,8.111,7.877,7.877,166310.0,18127.0
2015-07-22,7.799,8.267,7.799,8.189,263920.0,18485.0
2015-07-23,8.189,8.423,8.189,8.267,300010.0,18684.0
2015-07-24,8.267,8.345,8.189,8.267,141600.0,18923.0
2015-07-27,8.267,8.501,8.267,8.501,243820.0,19479.0
2015-07-28,8.501,9.047,8.267,9.047,905750.0,19161.0
2015-07-29,9.203,9.203,8.891,8.891,429040.0,19042.0
2015-07-30,8.891,9.047,8.813,8.891,144250.0,18803.0
2015-07-31,8.735,9.125,8.735,8.735,200830.0,18803.0
2015-08-03,8.579,8.969,8.501,8.735,444780.0,18485.0
2015-08-04,8.813,9.281,8.813,9.203,829520.0,18684.0
2015-08-05,9.203,9.359,9.125,9.359,457140.0,18843.0
2015-08-06,9.281,9.281,9.047,9.047,214960.0,18604.0
2015-08-07,9.125,9.281,9.047,9.203,504580.0,18803.0
2015-08-10,9.203,9.671,9.203,9.593,857620.0,19280.0
2015-08-11,9.593,9.749,9.515,9.515,519090.0,19201.0
2015-08-12,9.437,9.671,9.359,9.593,589720.0,18923.0
2015-08-13,9.593,9.593,9.281,9.359,635910.0,18684.0
2015-08-14,9.359,9.359,9.203,9.203,579950.0,18604.0
2015-08-17,9.125,9.359,9.047,9.047,346830.0,18366.0
2015-08-18,9.203,9.359,9.047,9.281,362050.0,18525.0
2015-08-19,9.203,9.359,9.125,9.359,339210.0,18326.0
2015-08-20,9.359,9.359,9.125,9.203,228180.0,18088.0
2015-08-21,9.047,9.047,8.579,9.047,722740.0,17968.0
2015-08-24,8.735,8.735,8.423,8.423,281310.0,16855.0
2015-08-25,7.877,8.345,7.877,7.877,942240.0,17054.0
2015-08-26,7.877,8.345,7.877,8.345,474240.0,17531.0
2015-08-27,8.501,8.579,8.423,8.501,310720.0,17611.0
2015-08-28,8.501,8.657,8.267,8.579,325980.0,17770.0
2015-08-31,8.423,8.579,8.345,8.345,209610.0,17571.0
2015-09-01,8.345,8.501,8.267,8.345,190810.0,17531.0
2015-09-03,8.345,8.501,8.345,8.345,110900.0,17372.0
2015-09-04,8.423,8.579,8.423,8.501,130010.0,17412.0
2015-09-07,8.189,8.501,8.189,8.345,49730.0,17332.0
2015-09-08,8.189,8.501,8.189,8.501,154560.0,17452.0
2015-09-09,8.579,9.047,8.501,9.047,962190.0,17531.0
2015-09-10,9.203,9.515,8.891,9.125,1057340.0,17571.0
2015-09-11,9.203,9.515,9.125,9.125,493250.0,17491.0
2015-09-14,9.125,9.359,9.047,9.359,672630.0,17372.0
2015-09-15,9.281,9.515,9.125,9.515,648900.0,17372.0
2015-09-16,9.515,9.515,9.281,9.281,98280.0,17372.0
2015-09-17,9.281,9.359,8.891,8.891,383080.0,17412.0
2015-09-18,8.969,9.125,8.969,8.969,470620.0,17730.0
2015-09-21,8.969,9.203,8.891,9.125,137310.0,18088.0
2015-09-22,9.203,9.359,9.125,9.203,188540.0,17968.0
2015-09-23,9.203,9.281,9.047,9.203,295270.0,17849.0
2015-09-24,9.281,9.359,9.125,9.125,301590.0,17929.0
2015-09-25,9.125,9.359,8.891,9.359,434150.0,17849.0
2015-09-28,9.203,9.281,9.125,9.125,395470.0,17690.0
2015-09-29,9.125,9.125,8.969,8.969,190670.0,17690.0
2015-09-30,9.203,9.203,9.047,9.125,201640.0,17690.0
2015-10-01,9.359,9.359,9.047,9.203,616890.0,17730.0
2015-10-02,9.281,9.515,9.281,9.359,1354570.0,17730.0
2015-10-05,9.827,10.014,9.733,10.014,712320.0,17889.0
2015-10-06,10.482,10.482,9.921,10.201,611320.0,18286.0
2015-10-07,10.108,10.201,9.921,10.014,659280.0,17968.0
2015-10-08,9.921,10.108,9.827,10.014,518530.0,18207.0
2015-10-09,10.014,10.014,9.733,9.827,454120.0,18207.0
2015-10-12,9.733,10.014,9.733,9.921,242230.0,18207.0
2015-10-13,9.827,9.921,9.827,9.921,123080.0,18088.0
2015-10-14,9.733,10.295,9.733,10.295,1415230.0,18565.0
2015-10-15,10.482,10.856,10.388,10.856,1022990.0,18525.0
2015-10-16,10.856,10.856,10.388,10.482,680550.0,18565.0
2015-10-19,10.388,10.763,10.388,10.576,602030.0,18724.0
2015-10-20,10.669,10.669,10.295,10.388,478220.0,18803.0
2015-10-21,10.482,10.763,10.388,10.576,681660.0,18684.0
2015-10-22,10.576,10.763,10.576,10.763,657050.0,18644.0
2015-10-23,10.856,10.95,10.669,10.763,707400.0,18724.0
2015-10-26,10.856,10.856,10.295,10.295,585410.0,18923.0
2015-10-27,10.295,10.482,10.108,10.108,542370.0,19082.0
2015-10-28,10.108,10.108,9.64,9.64,1088340.0,19400.0
2015-10-29,9.64,9.921,9.64,9.733,480290.0,19598.0
2015-10-30,9.733,9.827,9.64,9.733,218650.0,19598.0
2015-11-02,9.827,9.827,9.453,9.453,559510.0,19678.0
2015-11-03,9.546,9.921,9.546,9.827,399860.0,20870.0
2015-11-04,9.921,9.921,9.733,9.827,478350.0,20672.0
2015-11-05,9.827,10.482,9.64,10.482,1166210.0,21268.0
2015-11-06,10.669,11.044,10.482,10.856,2597330.0,20870.0
2015-11-09,10.95,11.044,10.669,10.856,1728020.0,20473.0
2015-11-10,10.856,10.95,10.669,10.856,2360590.0,20274.0
2015-11-11,10.856,10.856,10.482,10.482,1680950.0,20075.0
2015-11-12,10.576,10.576,10.108,10.201,639570.0,21069.0
2015-11-13,10.201,10.388,9.921,9.921,767180.0,21665.0
2015-11-16,9.921,10.295,9.921,10.014,504390.0,21467.0
2015-11-17,10.201,10.295,9.921,10.201,686350.0,20672.0
2015-11-18,10.201,10.295,10.014,10.201,340920.0,20672.0
2015-11-19,10.201,10.201,9.921,10.108,665740.0,20473.0
2015-11-20,10.201,10.669,10.108,10.669,873840.0,20274.0
2015-11-23,10.763,10.856,10.295,10.295,574660.0,19678.0
2015-11-24,10.295,10.388,10.014,10.295,446980.0,19519.0
2015-11-25,10.295,10.295,10.108,10.108,348910.0,19877.0
2015-11-26,10.108,10.388,10.108,10.295,876560.0,19479.0
2015-11-27,10.295,10.295,9.827,9.827,494000.0,19439.0
2015-11-30,9.827,9.827,9.733,9.827,478840.0,19201.0
2015-12-01,9.733,9.827,9.546,9.733,409850.0,19161.0
2015-12-02,9.827,9.827,9.64,9.64,276750.0,19241.0
2015-12-03,9.64,9.733,9.546,9.733,159550.0,19280.0
2015-12-04,9.546,9.733,9.265,9.64,826890.0,19042.0
2015-12-07,9.64,9.733,9.453,9.733,135490.0,18883.0
2015-12-08,9.733,9.733,9.546,9.64,204910.0,19479.0
2015-12-09,9.64,9.64,9.359,9.453,876020.0,19161.0
2015-12-10,9.265,9.453,9.172,9.172,257670.0,19002.0
2015-12-11,9.265,9.265,8.985,8.985,381930.0,19082.0
2015-12-14,8.985,8.985,8.704,8.797,506270.0,19002.0
2015-12-15,8.985,9.078,8.891,9.078,364520.0,19280.0
2015-12-16,8.985,9.546,8.891,9.453,1174480.0,19400.0
2015-12-17,9.359,9.546,9.172,9.453,823440.0,19559.0
2015-12-18,9.359,9.453,9.265,9.265,109010.0,19439.0
2015-12-21,9.265,9.265,8.891,8.891,399660.0,19280.0
2015-12-22,8.985,9.078,8.797,8.985,1939320.0,19121.0
2015-12-23,8.891,9.078,8.797,8.797,1475070.0,19042.0
2015-12-24,8.797,8.891,8.704,8.704,896340.0,19002.0
2015-12-25,8.61,8.704,8.236,8.329,1170180.0,19002.0
2015-12-28,8.329,8.329,7.862,7.862,800440.0,19121.0
2015-12-29,7.768,7.955,7.674,7.862,504540.0,19201.0
2015-12-30,7.955,8.329,7.955,8.329,526660.0,19201.0
2015-12-31,8.423,8.423,8.236,8.236,241220.0,19201.0
2016-01-04,8.236,8.423,8.049,8.329,638630.0,19002.0
2016-01-05,8.236,8.236,7.862,8.142,966770.0,19002.0
2016-01-06,8.236,8.236,7.955,8.236,331140.0,19042.0
2016-01-07,7.955,8.049,7.674,7.674,512180.0,18684.0
2016-01-08,7.674,7.674,7.394,7.487,1381270.0,18406.0
2016-01-11,7.581,7.768,7.487,7.581,360190.0,18247.0
2016-01-12,7.581,7.862,7.581,7.862,917640.0,18644.0
2016-01-13,7.955,8.049,7.768,7.768,467350.0,18445.0
2016-01-14,7.674,7.768,7.394,7.581,1140880.0,18366.0
2016-01-15,7.581,7.674,7.3,7.674,750110.0,18326.0
2016-01-18,7.394,7.394,7.206,7.206,1387270.0,17849.0
2016-01-19,7.206,7.394,7.019,7.3,785010.0,17929.0
2016-01-20,7.206,7.206,6.832,6.832,2121530.0,17849.0
2016-01-21,6.738,6.738,6.364,6.551,1837360.0,17849.0
2016-01-22,6.645,6.832,6.271,6.738,419700.0,17809.0
2016-01-25,6.738,7.206,6.738,7.206,1423000.0,18724.0
2016-01-26,7.019,7.206,6.926,7.206,786230.0,18247.0
2016-01-27,7.206,7.3,7.113,7.3,536380.0,18406.0
2016-01-28,7.3,7.5,7.1,7.1,513330.0,18286.0
2016-01-29,7.2,7.2,7.0,7.1,417350.0,18445.0
2016-02-01,7.2,7.2,7.0,7.0,210570.0,18525.0
2016-02-02,6.9,7.0,6.7,6.9,384410.0,18366.0
2016-02-03,6.9,6.9,6.6,6.8,178290.0,18525.0
2016-02-04,6.8,7.0,6.8,6.9,174510.0,18485.0
2016-02-05,6.8,7.0,6.8,6.9,72820.0,18644.0
2016-02-15,6.9,7.0,6.8,6.9,217160.0,18565.0
2016-02-16,7.0,7.3,7.0,7.3,482810.0,18803.0
2016-02-17,7.5,7.8,7.2,7.6,761890.0,18883.0
2016-02-18,7.6,7.7,7.5,7.6,451100.0,19121.0
2016-02-19,7.4,7.6,7.3,7.5,548430.0,18962.0
2016-02-22,7.5,7.7,7.3,7.6,555130.0,19161.0
2016-02-23,7.6,7.6,7.3,7.4,508260.0,19002.0
2016-02-24,7.3,7.5,7.3,7.3,491020.0,19002.0
2016-02-25,7.4,7.4,7.1,7.3,602100.0,18923.0
2016-02-26,7.3,7.4,7.1,7.4,316500.0,18962.0
2016-02-29,7.4,7.5,7.3,7.4,356610.0,19002.0
2016-03-01,7.3,7.5,7.3,7.3,380300.0,19161.0
2016-03-02,7.3,7.6,7.3,7.5,596170.0,19360.0
2016-03-03,7.7,8.0,7.7,7.8,1549770.0,19400.0
2016-03-04,7.7,7.9,7.7,7.8,722900.0,19479.0
2016-03-07,7.8,8.2,7.6,7.8,694860.0,19320.0
2016-03-08,7.8,8.0,7.7,7.7,1220830.0,19082.0
2016-03-09,7.7,7.8,7.6,7.6,734730.0,19082.0
2016-03-10,7.7,7.8,7.6,7.8,501010.0,19161.0
2016-03-11,7.8,7.9,7.7,7.7,673010.0,19280.0
2016-03-14,7.8,7.9,7.7,7.9,581790.0,19360.0
2016-03-15,7.8,7.9,7.7,7.8,706860.0,19280.0
2016-03-16,7.8,7.9,7.7,7.9,563560.0,19280.0
2016-03-17,7.9,8.0,7.8,7.8,762430.0,19280.0
2016-03-18,7.8,7.9,7.7,7.7,297630.0,19598.0
2016-03-21,7.7,7.7,7.5,7.6,842010.0,19559.0
2016-03-22,7.6,7.6,7.4,7.5,539540.0,19360.0
2016-03-23,7.5,7.7,7.4,7.7,340540.0,19360.0
2016-03-24,7.6,7.7,7.5,7.5,400020.0,19241.0
2016-03-25,7.5,7.9,7.5,7.8,1214890.0,19042.0
2016-03-28,7.8,7.9,7.7,7.8,246100.0,19082.0
2016-03-29,7.8,8.3,7.8,8.2,1966910.0,18883.0
2016-03-30,8.2,8.3,8.1,8.2,325890.0,18883.0
2016-03-31,8.2,8.2,7.8,7.9,452390.0,18724.0
2016-04-01,7.8,7.9,7.6,7.7,715720.0,18604.0
2016-04-04,7.6,7.8,7.4,7.5,810830.0,18604.0
2016-04-05,7.5,7.5,7.3,7.5,1255350.0,18684.0
2016-04-06,7.5,7.6,7.4,7.6,299900.0,18843.0
2016-04-07,7.6,7.7,7.5,7.7,149050.0,19002.0
2016-04-08,7.6,7.7,7.5,7.6,341270.0,18923.0
2016-04-11,7.6,7.9,7.5,7.7,658500.0,19042.0
2016-04-12,7.7,8.1,7.7,7.8,1503320.0,18962.0
2016-04-13,7.9,8.0,7.7,7.8,636760.0,18923.0
2016-04-14,7.8,8.0,7.7,7.7,650290.0,18883.0
2016-04-15,7.8,7.8,7.6,7.6,449390.0,18763.0
2016-04-19,7.6,7.6,7.4,7.4,687210.0,18684.0
2016-04-20,7.4,7.5,7.1,7.1,945130.0,18724.0
2016-04-21,7.1,7.3,7.1,7.1,681470.0,18803.0
2016-04-22,7.1,7.3,7.1,7.2,411920.0,19002.0
2016-04-25,7.3,7.4,7.2,7.2,701610.0,19042.0
2016-04-26,7.2,7.3,7.2,7.3,358770.0,19042.0
2016-04-27,7.3,7.3,7.1,7.2,150240.0,18962.0
2016-04-28,7.2,7.3,7.1,7.2,78550.0,19241.0
2016-04-29,7.4,7.5,7.3,7.3,1341090.0,19413.0
2016-05-04,7.4,7.5,7.4,7.5,892230.0,19213.0
2016-05-05,7.4,7.5,7.4,7.4,194310.0,19093.0
2016-05-06,7.4,7.5,7.3,7.4,355720.0,18973.0
2016-05-09,7.3,7.5,7.2,7.3,530690.0,18853.0
2016-05-10,7.3,7.4,7.2,7.3,461280.0,18893.0
2016-05-11,7.3,7.4,7.2,7.4,271450.0,19053.0
2016-05-12,7.4,7.4,7.3,7.4,86610.0,18933.0
2016-05-13,7.4,7.4,7.2,7.3,402000.0,18933.0
2016-05-16,7.3,7.4,7.2,7.4,324260.0,18893.0
2016-05-17,7.4,7.4,7.3,7.4,374500.0,19013.0
2016-05-18,7.3,7.5,7.3,7.5,533080.0,19053.0
2016-05-19,7.4,7.5,7.3,7.3,256360.0,19053.0
2016-05-20,7.3,7.4,7.2,7.3,116670.0,19133.0
2016-05-23,7.3,7.4,7.2,7.3,129280.0,19093.0
2016-05-24,7.3,7.3,7.1,7.3,246000.0,19053.0
2016-05-25,7.3,7.4,7.1,7.2,310700.0,19053.0
2016-05-26,7.2,7.3,7.1,7.1,291280.0,18973.0
2016-05-27,7.1,7.2,7.0,7.1,203550.0,16377.0
2016-05-30,7.1,7.3,7.1,7.3,420340.0,16417.0
2016-05-31,7.2,7.3,7.1,7.2,112270.0,16297.0
2016-06-01,7.2,7.6,7.2,7.5,809300.0,16297.0
2016-06-02,7.4,7.7,7.4,7.6,890630.0,16297.0
2016-06-03,7.6,7.6,7.5,7.5,311750.0,16257.0
2016-06-06,7.5,7.6,7.4,7.6,432290.0,16137.0
2016-06-07,7.5,7.6,7.4,7.5,366780.0,16177.0
2016-06-08,7.5,7.8,7.5,7.7,732170.0,16257.0
2016-06-09,7.7,7.8,7.5,7.5,241850.0,16177.0
2016-06-10,7.6,8.0,7.5,8.0,1859880.0,16177.0
2016-06-13,8.1,8.4,8.1,8.2,1693160.0,16137.0
2016-06-14,8.2,8.4,8.1,8.1,1118660.0,16177.0
2016-06-15,8.1,8.6,8.1,8.6,2004130.0,16097.0
2016-06-16,8.8,9.0,8.5,8.5,1203370.0,16137.0
2016-06-17,8.6,9.0,8.6,8.8,980100.0,16137.0
2016-06-20,9.0,9.3,9.0,9.3,1406830.0,17056.0
2016-06-21,9.4,9.5,9.2,9.5,836260.0,17056.0
2016-06-22,9.6,9.6,9.3,9.3,1223690.0,16936.0
2016-06-23,9.7,9.7,9.4,9.5,1672580.0,16736.0
2016-06-24,9.5,9.5,8.9,8.9,3659050.0,16337.0
2016-06-27,8.6,8.8,8.3,8.6,1948030.0,16457.0
2016-06-28,8.4,8.8,8.4,8.8,1004010.0,16457.0
2016-06-29,8.8,9.0,8.8,8.8,848420.0,16776.0
2016-06-30,8.9,9.0,8.8,8.8,898720.0,16696.0
2016-07-01,8.8,8.9,8.6,8.7,927630.0,16736.0
2016-07-04,8.7,8.7,8.5,8.5,901690.0,16976.0
2016-07-05,8.5,8.6,8.4,8.5,790290.0,16856.0
2016-07-06,8.5,9.0,8.4,9.0,1695240.0,16896.0
2016-07-07,9.3,9.6,9.3,9.6,1799070.0,19890.0
2016-07-08,9.8,10.2,9.7,10.1,1589340.0,20027.0
2016-07-11,9.9,10.1,9.5,9.5,1473440.0,19568.0
2016-07-12,9.5,10.1,9.5,10.1,2197230.0,19568.0
2016-07-13,10.6,10.8,10.6,10.8,972130.0,19706.0
2016-07-14,11.3,11.5,11.0,11.3,1706120.0,19752.0
2016-07-15,11.2,11.9,11.0,11.9,1545110.0,19568.0
2016-07-18,12.2,12.6,12.2,12.5,1605580.0,19568.0
2016-07-19,12.4,12.6,11.7,12.1,1430580.0,19247.0
2016-07-20,12.1,12.1,11.3,11.3,1816400.0,19109.0
2016-07-21,11.0,11.2,10.6,10.6,1799990.0,19109.0
2016-07-22,10.0,10.1,9.9,9.9,743410.0,18971.0
2016-07-25,9.3,9.3,9.3,9.3,440010.0,18879.0
2016-07-26,8.7,9.4,8.7,9.4,2031630.0,18787.0
2016-07-27,10.0,10.0,8.8,8.8,2997650.0,18971.0
2016-07-28,8.4,8.7,8.2,8.2,2415070.0,18971.0
2016-07-29,7.7,8.4,7.7,8.2,2430780.0,18833.0
2016-08-01,7.7,7.7,7.7,7.7,92190.0,18879.0
2016-08-02,7.2,7.2,7.2,7.2,65380.0,18649.0
2016-08-03,6.7,6.7,6.7,6.7,44900.0,18603.0
2016-08-04,6.3,6.3,6.3,6.3,1145040.0,18558.0
2016-08-05,5.9,6.2,5.9,6.0,4535320.0,18603.0
2016-08-08,6.2,6.4,6.0,6.4,1014490.0,18649.0
2016-08-09,6.6,6.6,6.0,6.2,716440.0,18787.0
2016-08-10,6.0,6.4,5.9,6.4,1399490.0,18879.0
2016-08-11,6.3,6.5,6.1,6.3,861580.0,19201.0
2016-08-12,6.3,6.4,6.1,6.2,1187210.0,19109.0
2016-08-15,6.1,6.3,6.0,6.2,548030.0,19109.0
2016-08-16,6.2,6.3,6.0,6.2,1166350.0,19614.0
2016-08-17,6.2,6.5,6.2,6.4,717290.0,19844.0
2016-08-18,6.5,6.7,6.4,6.5,1176010.0,19798.0
2016-08-19,6.5,6.9,6.5,6.9,1017670.0,19476.0
2016-08-22,6.6,6.9,6.5,6.5,750910.0,19063.0
2016-08-23,6.3,6.5,6.3,6.4,343220.0,19155.0
2016-08-24,6.3,6.7,6.3,6.6,364630.0,19292.0
2016-08-25,6.6,6.9,6.6,6.7,422150.0,19476.0
2016-08-26,6.7,6.9,6.5,6.6,960210.0,19752.0
2016-08-29,6.6,6.7,6.4,6.5,483400.0,19568.0
2016-08-30,6.5,6.5,6.3,6.4,178730.0,19568.0
2016-08-31,6.4,6.5,6.3,6.4,461560.0,20165.0
2016-09-01,6.5,6.6,6.4,6.5,262010.0,20441.0
2016-09-05,6.5,6.5,6.3,6.4,618300.0,20441.0
2016-09-06,6.5,6.7,6.3,6.6,830470.0,20303.0
2016-09-07,6.6,6.7,6.5,6.5,386160.0,20257.0
2016-09-08,6.5,6.5,6.4,6.4,178900.0,20946.0
2016-09-09,6.4,6.5,6.3,6.5,391150.0,20992.0
2016-09-12,6.5,6.5,6.37,6.37,261290.0,20670.0
2016-09-13,6.35,6.4,6.32,6.37,241730.0,20762.0
2016-09-14,6.37,6.39,6.2,6.25,350590.0,20900.0
2016-09-15,6.21,6.4,6.0,6.4,378790.0,20579.0
2016-09-16,6.4,6.4,6.13,6.26,33920.0,20670.0
2016-09-19,6.06,6.4,6.06,6.07,219190.0,20808.0
2016-09-20,6.2,6.2,6.06,6.18,181920.0,20969.0
2016-09-21,6.1,6.15,6.02,6.04,177360.0,20900.0
2016-09-22,6.1,6.15,5.9,5.92,306700.0,21405.0
2016-09-23,6.0,6.16,5.81,6.1,286110.0,21773.0
2016-09-26,6.1,6.1,5.93,6.1,82510.0,21957.0
2016-09-27,6.1,6.1,5.95,5.95,136790.0,21957.0
2016-09-28,5.95,6.1,5.94,6.0,130970.0,22003.0
2016-09-29,6.1,6.1,5.93,5.95,184870.0,21750.0
2016-09-30,5.93,6.1,5.92,6.1,95010.0,21428.0
2016-10-03,6.1,6.1,5.9,5.98,152630.0,21428.0
2016-10-04,5.98,5.98,5.9,5.94,100370.0,21497.0
2016-10-05,5.94,5.94,5.83,5.83,124290.0,21497.0
2016-10-06,5.81,5.95,5.81,5.9,140020.0,21176.0
2016-10-07,5.94,5.95,5.9,5.95,79360.0,20693.0
2016-10-10,5.93,6.3,5.93,6.13,217210.0,20027.0
2016-10-11,6.39,6.39,6.13,6.15,255290.0,20441.0
2016-10-12,6.15,6.22,5.95,5.95,48910.0,20119.0
2016-10-13,6.0,6.17,5.95,6.08,75940.0,20211.0
2016-10-14,6.15,6.15,5.95,5.95,121170.0,20142.0
2016-10-17,5.96,6.08,5.94,6.0,116550.0,19936.0
2016-10-18,5.9,6.0,5.87,5.96,119090.0,20027.0
2016-10-19,5.98,6.0,5.91,6.0,92660.0,20142.0
2016-10-20,5.72,5.9,5.7,5.82,340160.0,19981.0
2016-10-21,5.8,5.9,5.7,5.75,122740.0,19936.0
2016-10-24,5.71,5.9,5.63,5.75,34900.0,19844.0
2016-10-25,5.7,5.75,5.66,5.72,66460.0,19844.0
2016-10-26,5.7,5.7,5.54,5.54,166270.0,19752.0
2016-10-27,5.31,5.57,5.31,5.54,554150.0,19844.0
2016-10-28,5.5,5.6,5.5,5.5,48390.0,20027.0
2016-10-31,5.55,5.8,5.5,5.5,76040.0,19981.0
2016-11-01,5.5,5.51,5.41,5.42,133550.0,19890.0
2016-11-02,5.42,5.42,5.12,5.17,95370.0,19568.0
2016-11-03,5.18,5.2,4.9,4.91,138850.0,19292.0
2016-11-04,4.9,4.91,4.8,4.8,244110.0,19361.0
2016-11-07,4.85,4.85,4.79,4.81,299930.0,19660.0
2016-11-08,5.0,5.14,4.82,5.08,310870.0,19683.0
2016-11-09,5.35,5.35,4.96,4.96,277810.0,19384.0
2016-11-10,5.0,5.06,5.0,5.03,110810.0,19614.0
2016-11-11,5.03,5.3,5.03,5.1,188340.0,19752.0
2016-11-14,5.0,5.29,5.0,5.09,51440.0,19637.0
2016-11-15,5.04,5.1,5.01,5.05,165700.0,19844.0
2016-11-16,5.0,5.2,5.0,5.0,149190.0,19775.0
2016-11-17,5.1,5.13,4.99,5.09,146570.0,19568.0
2016-11-18,5.15,5.15,5.01,5.01,89430.0,19798.0
2016-11-21,5.01,5.12,4.82,4.82,53330.0,19798.0
2016-11-22,4.82,5.05,4.82,4.83,143700.0,19798.0
2016-11-23,4.84,4.9,4.84,4.85,72270.0,20188.0
2016-11-24,4.94,4.94,4.85,4.85,19660.0,20372.0
2016-11-25,4.91,4.91,4.6,4.6,164460.0,20188.0
2016-11-28,4.89,4.92,4.89,4.92,204160.0,19981.0
2016-11-29,5.26,5.26,5.25,5.26,545980.0,19821.0
2016-11-30,5.62,5.62,5.55,5.62,503310.0,19913.0
2016-12-01,5.62,5.62,5.26,5.34,160300.0,19844.0
2016-12-02,5.21,5.21,4.98,4.98,223880.0,19729.0
2016-12-05,4.72,4.98,4.66,4.69,313630.0,19568.0
2016-12-06,4.75,4.75,4.5,4.7,227490.0,19430.0
2016-12-07,4.57,4.73,4.45,4.62,112490.0,19338.0
2016-12-08,4.5,4.71,4.5,4.64,36280.0,19407.0
2016-12-09,4.54,4.72,4.54,4.67,21460.0,19706.0
2016-12-12,4.7,4.75,4.6,4.69,34620.0,19384.0
2016-12-13,4.69,4.69,4.5,4.64,61450.0,19201.0
2016-12-14,4.64,4.64,4.5,4.63,47560.0,19292.0
2016-12-15,4.64,4.64,4.52,4.52,65970.0,19224.0
2016-12-16,4.64,4.64,4.43,4.58,102100.0,19338.0
2016-12-19,4.58,4.64,4.5,4.64,118030.0,19614.0
2016-12-20,4.58,4.7,4.5,4.51,72480.0,19545.0
2016-12-21,4.51,4.6,4.5,4.54,67500.0,19522.0
2016-12-22,4.53,4.6,4.45,4.45,63880.0,19545.0
2016-12-23,4.25,4.57,4.25,4.55,8990.0,19591.0
2016-12-26,4.31,4.51,4.24,4.47,135590.0,19614.0
2016-12-27,4.4,4.47,4.27,4.27,51670.0,19821.0
2016-12-28,4.3,4.3,4.12,4.2,78960.0,20027.0
2016-12-29,4.47,4.49,4.4,4.49,164070.0,19959.0
2016-12-30,4.79,4.79,4.52,4.65,149050.0,20211.0
2017-01-03,4.65,4.65,4.4,4.54,50900.0,20602.0
2017-01-04,4.4,4.5,4.34,4.49,25050.0,20785.0
2017-01-05,4.49,4.69,4.35,4.47,46950.0,20716.0
2017-01-06,4.41,4.5,4.4,4.48,12550.0,20648.0
2017-01-09,4.53,4.53,4.4,4.48,18460.0,20762.0
2017-01-10,4.67,4.67,4.39,4.43,28370.0,21130.0
2017-01-11,4.41,4.5,4.41,4.48,68290.0,21176.0
2017-01-12,4.48,4.48,4.35,4.35,73070.0,21107.0
2017-01-13,4.35,4.64,4.35,4.5,52430.0,20625.0
2017-01-16,4.5,4.65,4.45,4.6,23790.0,20211.0
2017-01-17,4.5,4.6,4.4,4.47,41720.0,20395.0
2017-01-18,4.41,4.6,4.4,4.6,13190.0,20119.0
2017-01-19,4.59,4.59,4.38,4.4,15610.0,20119.0
2017-01-20,4.57,4.59,4.4,4.57,30960.0,20303.0
2017-01-23,4.58,4.58,4.4,4.56,19210.0,20418.0
2017-01-24,4.55,4.59,4.51,4.56,19040.0,20533.0
2017-01-25,4.56,4.73,4.56,4.7,21570.0,20716.0
2017-02-02,4.65,4.65,4.39,4.5,112130.0,20625.0
2017-02-03,4.5,4.5,4.27,4.27,71350.0,20533.0
2017-02-06,4.4,4.4,4.24,4.33,49190.0,20349.0
2017-02-07,4.49,4.5,4.21,4.35,111830.0,20441.0
2017-02-08,4.25,4.35,4.2,4.35,40850.0,20487.0
2017-02-09,4.3,4.4,4.27,4.4,112940.0,20464.0
2017-02-10,4.4,4.41,4.33,4.38,60230.0,20418.0
2017-02-13,4.3,4.38,4.26,4.3,92350.0,20579.0
2017-02-14,4.28,4.4,4.27,4.4,205190.0,21314.0
2017-02-15,4.49,4.7,4.38,4.7,203720.0,21130.0
2017-02-16,5.02,5.02,5.0,5.0,377180.0,20808.0
2017-02-17,5.0,5.0,4.7,4.7,111600.0,20808.0
2017-02-20,4.7,4.7,4.5,4.68,63660.0,20693.0
2017-02-21,4.54,4.95,4.54,4.73,118010.0,20854.0
2017-02-22,4.7,5.06,4.7,5.01,293290.0,21038.0
2017-02-23,5.11,5.14,4.96,5.05,191180.0,21130.0
2017-02-24,5.05,5.14,5.05,5.05,170150.0,21130.0
2017-02-27,5.07,5.4,5.07,5.4,293650.0,21382.0
2017-02-28,5.4,5.77,5.4,5.73,555190.0,21061.0
2017-03-01,5.86,5.86,5.6,5.68,302270.0,20992.0
2017-03-02,5.7,5.8,5.44,5.71,226230.0,20877.0
2017-03-03,5.65,5.81,5.51,5.51,151910.0,20969.0
2017-03-06,5.35,5.6,5.35,5.37,322470.0,21107.0
2017-03-07,5.46,5.59,5.34,5.34,223600.0,21038.0
2017-03-08,5.57,5.58,5.37,5.45,93520.0,21038.0
2017-03-09,5.48,5.48,5.39,5.46,53800.0,20900.0
2017-03-10,5.54,5.7,5.4,5.48,330580.0,21130.0
2017-03-13,5.5,5.85,5.49,5.75,317640.0,21015.0
2017-03-14,5.88,5.95,5.67,5.74,197460.0,20992.0
2017-03-15,5.74,5.76,5.68,5.75,160360.0,20923.0
2017-03-16,5.71,5.77,5.65,5.67,202050.0,20992.0
2017-03-17,5.62,5.69,5.58,5.58,298550.0,21084.0
2017-03-20,5.53,5.8,5.53,5.7,99910.0,21405.0
2017-03-21,5.62,5.79,5.62,5.74,66490.0,21405.0
2017-03-22,5.64,5.77,5.64,5.72,64280.0,21176.0
2017-03-23,5.78,5.78,5.6,5.65,126470.0,22049.0
2017-03-24,5.7,5.75,5.64,5.66,47250.0,21911.0
2017-03-27,5.68,5.7,5.5,5.5,61030.0,21865.0
2017-03-28,5.45,5.6,5.31,5.32,200490.0,21773.0
2017-03-29,5.31,5.5,5.31,5.45,79350.0,21819.0
2017-03-30,5.5,5.64,5.5,5.62,167730.0,21635.0
2017-03-31,5.67,5.67,5.6,5.61,74180.0,21727.0
2017-04-03,5.65,5.65,5.5,5.51,77260.0,21314.0
2017-04-04,5.5,5.5,5.3,5.5,77040.0,21589.0
2017-04-05,5.34,5.5,5.34,5.5,60260.0,21489.0
2017-04-07,5.41,5.5,5.4,5.49,27170.0,21697.0
2017-04-10,5.4,5.5,5.35,5.49,135920.0,21697.0
2017-04-11,5.4,5.49,5.4,5.48,27490.0,21674.0
2017-04-12,5.41,5.45,5.35,5.36,76420.0,21951.0
2017-04-13,5.39,5.39,5.32,5.34,87870.0,21813.0
2017-04-14,5.34,5.5,5.25,5.4,45520.0,21259.0
2017-04-17,5.46,5.7,5.37,5.47,69000.0,21097.0
2017-04-18,5.5,5.5,5.34,5.37,22110.0,21235.0
2017-04-19,5.38,5.74,5.35,5.74,561090.0,21235.0
2017-04-20,5.9,5.95,5.7,5.9,183960.0,21166.0
2017-04-21,5.9,5.9,5.57,5.7,31030.0,21166.0
2017-04-24,5.51,5.51,5.31,5.33,413690.0,21120.0
2017-04-25,5.21,5.45,5.21,5.45,55380.0,21074.0
2017-04-26,5.45,5.68,5.45,5.64,139930.0,21235.0
2017-04-27,5.46,5.68,5.41,5.41,101610.0,21466.0
2017-04-28,5.66,5.75,5.42,5.71,268420.0,21443.0
2017-05-03,5.78,5.95,5.71,5.83,484470.0,21697.0
2017-05-04,6.19,6.23,6.1,6.22,978850.0,21697.0
2017-05-05,6.21,6.21,6.01,6.13,377780.0,21743.0
2017-05-08,6.13,6.5,6.13,6.47,439790.0,21697.0
2017-05-09,6.47,6.5,6.3,6.47,399630.0,22297.0
2017-05-10,6.55,6.55,6.37,6.38,448840.0,22205.0
2017-05-11,6.38,6.64,6.23,6.63,1120630.0,22205.0
2017-05-12,6.63,7.09,6.5,7.09,1014260.0,22159.0
2017-05-15,7.3,7.58,7.1,7.55,755560.0,22066.0
2017-05-16,7.6,7.6,7.06,7.06,572080.0,21928.0
2017-05-17,7.3,7.55,7.3,7.55,1179620.0,22066.0
2017-05-18,8.07,8.07,8.07,8.07,578450.0,22113.0
2017-05-19,8.63,8.63,8.63,8.63,240290.0,22343.0
2017-05-22,9.23,9.23,9.23,9.23,302330.0,22390.0
2017-05-23,9.45,9.87,8.66,9.8,3773270.0,22551.0
2017-05-24,9.99,9.99,9.12,9.45,1341090.0,22667.0
2017-05-25,9.3,9.84,9.25,9.66,896630.0,19666.0
2017-05-26,9.68,9.7,9.45,9.6,763550.0,19435.0
2017-05-29,9.69,9.7,8.93,8.93,1551740.0,19666.0
2017-05-30,8.37,9.2,8.32,8.59,1303620.0,19851.0
2017-05-31,8.4,9.1,8.4,8.8,567300.0,19851.0
2017-06-01,9.0,9.41,8.62,9.41,1089650.0,20058.0
2017-06-02,9.79,9.79,9.41,9.69,1055400.0,19966.0
2017-06-05,9.89,10.35,9.7,10.3,1183480.0,19966.0
2017-06-06,10.6,11.0,10.5,11.0,1066020.0,20451.0
2017-06-07,11.2,11.75,11.0,11.75,863220.0,20335.0
2017-06-08,11.9,12.05,10.95,11.75,1439210.0,20405.0
2017-06-09,11.75,11.9,11.5,11.6,818520.0,20843.0
2017-06-12,11.25,11.5,10.9,11.25,1094390.0,20635.0
2017-06-13,11.0,11.5,10.9,11.15,1244900.0,20935.0
2017-06-14,11.0,11.9,10.95,11.9,1103570.0,20866.0
2017-06-15,12.7,12.7,12.2,12.35,840860.0,20958.0
2017-06-16,12.4,12.7,12.1,12.35,689620.0,21097.0
2017-06-19,12.1,12.4,11.65,12.1,769350.0,21374.0
2017-06-20,11.9,12.3,11.7,12.1,631450.0,21305.0
2017-06-21,11.95,12.1,11.8,11.9,625600.0,21928.0
2017-06-22,12.0,12.0,11.1,11.3,1723590.0,21974.0
2017-06-23,11.0,11.9,10.7,11.5,713350.0,21905.0
2017-06-26,11.3,11.75,10.8,10.8,677410.0,21559.0
2017-06-27,10.75,11.0,10.2,10.25,743450.0,21097.0
2017-06-28,10.25,10.25,9.54,10.0,502120.0,21397.0
2017-06-29,10.0,10.3,9.6,9.6,376350.0,21466.0
2017-06-30,9.6,9.75,8.93,8.95,903050.0,21628.0
2017-07-03,8.95,9.15,8.33,8.33,1237730.0,21420.0
2017-07-04,8.2,8.73,7.8,8.67,593080.0,24739.0
2017-07-05,8.6,8.99,8.3,8.8,390580.0,24792.0
2017-07-06,8.8,9.41,8.8,9.41,619100.0,25429.0
2017-07-07,9.78,10.0,9.7,9.9,561240.0,25801.0
2017-07-10,10.1,10.1,9.21,9.21,529680.0,25588.0
2017-07-11,8.65,9.18,8.65,9.0,523540.0,25270.0
2017-07-12,9.63,9.63,9.5,9.63,512600.0,25456.0
2017-07-13,10.2,10.2,9.63,9.87,636080.0,25933.0
2017-07-14,9.98,9.99,9.68,9.88,356470.0,25854.0
2017-07-17,9.88,9.88,9.19,9.4,651470.0,25482.0
2017-07-18,9.45,9.46,9.25,9.39,339700.0,25376.0
2017-07-19,9.2,9.55,9.2,9.38,285100.0,24898.0
2017-07-20,9.38,9.38,9.11,9.2,203670.0,24845.0
2017-07-21,9.1,9.2,8.71,8.8,305830.0,24527.0
2017-07-24,8.8,8.99,8.6,8.93,381850.0,24686.0
2017-07-25,9.0,9.0,8.65,8.65,159740.0,24792.0
2017-07-26,8.8,9.13,8.5,9.01,342130.0,25376.0
2017-07-27,9.26,9.64,9.01,9.64,566650.0,25588.0
2017-07-28,10.0,10.1,9.72,9.72,575860.0,25774.0
2017-07-31,9.95,10.05,9.72,9.78,447610.0,25668.0
2017-08-01,9.94,9.94,9.35,9.78,351030.0,26013.0
2017-08-02,9.6,9.78,9.36,9.36,281160.0,26225.0
2017-08-03,9.48,10.0,9.45,10.0,623380.0,26597.0
2017-08-04,10.7,10.7,10.2,10.7,679270.0,26597.0
2017-08-07,11.4,11.4,11.2,11.4,1471020.0,26464.0
2017-08-08,11.3,12.0,10.7,12.0,1312680.0,25987.0
2017-08-09,12.0,12.5,11.2,12.1,1468950.0,25695.0
2017-08-10,11.5,12.5,11.5,12.5,1605960.0,25960.0
2017-08-11,12.4,12.45,11.65,11.65,900890.0,26252.0
2017-08-14,11.5,11.65,10.85,10.85,1189010.0,26119.0
2017-08-15,10.6,10.85,10.15,10.7,1369080.0,25960.0
2017-08-16,10.7,11.35,10.65,11.25,472550.0,25801.0
2017-08-17,11.25,11.3,10.5,10.5,595440.0,25164.0
2017-08-18,10.4,10.45,9.85,10.3,1143550.0,25217.0
2017-08-21,10.3,10.3,9.58,9.58,851940.0,25349.0
2017-08-22,9.2,9.58,8.92,8.95,757690.0,25004.0
2017-08-23,8.95,9.4,8.95,9.3,981560.0,25057.0
2017-08-24,9.1,9.35,9.0,9.3,493800.0,25323.0
2017-08-25,9.11,9.5,9.0,9.1,418600.0,25217.0
2017-08-28,9.1,9.69,9.1,9.41,404070.0,25270.0
2017-08-29,9.4,9.6,9.25,9.5,297740.0,25349.0
2017-08-30,9.5,9.5,9.25,9.26,383470.0,25376.0
2017-08-31,9.21,9.35,9.21,9.25,235120.0,25748.0
2017-09-01,9.25,9.38,9.25,9.37,262140.0,25801.0
2017-09-05,9.21,9.4,9.21,9.3,341420.0,25748.0
2017-09-06,9.25,9.38,9.25,9.35,262670.0,25588.0
2017-09-07,9.35,9.4,9.2,9.21,337590.0,25429.0
2017-09-08,9.2,9.29,9.15,9.15,280860.0,25323.0
2017-09-11,9.2,9.35,9.2,9.28,372700.0,25137.0
2017-09-12,9.28,9.35,9.16,9.3,513200.0,25535.0
2017-09-13,9.3,9.95,9.3,9.95,1507410.0,25880.0
2017-09-14,9.95,10.6,9.95,10.6,329480.0,25668.0
2017-09-15,10.9,11.0,10.2,10.2,1304980.0,25588.0
2017-09-18,10.0,10.5,9.81,10.4,769610.0,25668.0
2017-09-19,10.3,10.55,10.25,10.4,415200.0,25695.0
2017-09-20,10.4,10.4,10.1,10.2,277680.0,25827.0
2017-09-21,10.2,10.3,9.9,9.9,406660.0,26225.0
2017-09-22,9.9,10.2,9.8,10.2,525120.0,26252.0
2017-09-25,10.3,10.7,10.3,10.3,723540.0,25933.0
2017-09-26,10.3,10.6,10.15,10.15,586450.0,26013.0
2017-09-27,10.4,10.4,10.0,10.0,432890.0,26013.0
2017-09-28,10.0,10.2,9.6,9.6,510780.0,25987.0
2017-09-29,9.6,9.98,9.4,9.42,505740.0,25880.0
2017-10-02,9.42,9.76,9.42,9.57,397990.0,25588.0
2017-10-03,9.7,9.7,9.35,9.44,355090.0,25403.0
2017-10-04,9.4,9.7,9.3,9.7,503360.0,25509.0
2017-10-05,9.56,9.75,9.5,9.5,426060.0,25641.0
2017-10-06,9.5,9.7,9.5,9.5,193020.0,25880.0
2017-10-09,9.5,9.6,9.4,9.4,371410.0,25907.0
2017-10-10,9.42,9.58,9.42,9.42,505430.0,26172.0
2017-10-11,9.5,9.6,9.42,9.48,185420.0,26491.0
2017-10-12,9.58,9.58,9.4,9.4,395000.0,27075.0
2017-10-13,9.55,9.55,9.37,9.39,142310.0,27181.0
2017-10-16,9.39,9.48,9.3,9.39,469000.0,27287.0
2017-10-17,9.4,10.0,9.4,9.81,556080.0,27340.0
2017-10-18,9.9,9.9,9.6,9.6,361710.0,26809.0
2017-10-19,9.55,9.66,9.49,9.55,386880.0,26862.0
2017-10-20,9.55,9.8,9.53,9.53,307020.0,26703.0
2017-10-23,9.53,9.63,9.3,9.3,264180.0,26172.0
2017-10-24,9.23,9.36,9.23,9.36,276230.0,26172.0
2017-10-25,9.31,9.52,9.25,9.3,217590.0,26385.0
2017-10-26,9.24,9.35,9.0,9.0,387370.0,26332.0
2017-10-27,9.1,9.2,9.0,9.01,283860.0,26650.0
2017-10-30,9.2,9.35,9.01,9.11,211270.0,26544.0
2017-10-31,9.11,9.11,8.5,8.7,275270.0,26756.0
2017-11-01,8.52,8.89,8.3,8.3,367340.0,26969.0
2017-11-02,8.3,8.3,7.72,7.77,1237950.0,26809.0
2017-11-03,7.68,8.0,7.43,8.0,258090.0,27075.0
2017-11-06,8.05,8.3,8.0,8.29,203520.0,27287.0
2017-11-07,8.1,8.3,8.05,8.29,235460.0,27181.0
2017-11-08,8.2,8.2,8.06,8.2,295770.0,28137.0
2017-11-09,8.2,8.2,7.96,7.96,291850.0,27924.0
2017-11-10,8.1,8.1,7.7,7.86,223900.0,27712.0
2017-11-13,7.8,7.88,7.6,7.79,141520.0,28667.0
2017-11-14,7.78,7.79,7.68,7.7,174070.0,28614.0
2017-11-15,7.68,7.84,7.65,7.7,79860.0,30207.0
2017-11-16,7.7,7.98,7.65,7.89,223940.0,30260.0
2017-11-17,7.89,8.2,7.89,7.97,276870.0,30101.0
2017-11-20,7.94,8.1,7.9,7.95,80070.0,30738.0
2017-11-21,7.84,7.94,7.77,7.9,182970.0,30366.0
2017-11-22,7.91,7.91,7.7,7.89,203890.0,30791.0
2017-11-23,7.88,7.99,7.72,7.79,144680.0,30579.0
2017-11-24,7.79,7.85,7.71,7.83,174090.0,30738.0
2017-11-27,7.84,8.3,7.74,8.0,590280.0,30897.0
2017-11-28,8.0,8.19,7.78,7.78,385370.0,30526.0
2017-11-29,7.78,7.9,7.74,7.84,381540.0,31481.0
2017-11-30,7.76,7.95,7.7,7.75,305310.0,31003.0
2017-12-01,7.75,7.9,7.69,7.75,268100.0,31003.0
2017-12-04,7.71,7.79,7.68,7.68,375450.0,31216.0
2017-12-05,7.68,7.68,7.43,7.56,581500.0,30419.0
2017-12-06,7.65,7.65,7.3,7.34,434350.0,30154.0
2017-12-07,7.31,7.59,7.3,7.5,262080.0,29782.0
2017-12-08,7.5,7.6,7.4,7.52,210100.0,29464.0
2017-12-11,7.49,7.52,7.39,7.41,280020.0,28402.0
2017-12-12,7.31,7.47,7.1,7.1,307830.0,28508.0
2017-12-13,7.1,7.2,7.0,7.02,258560.0,29039.0
2017-12-14,7.03,7.51,6.95,7.51,455010.0,29676.0
2017-12-15,8.0,8.0,7.7,7.79,532300.0,29995.0
2017-12-18,7.9,7.9,7.5,7.7,105960.0,29888.0
2017-12-19,7.58,7.6,7.3,7.3,328650.0,29305.0
2017-12-20,7.3,7.44,7.2,7.3,229360.0,29888.0
2017-12-21,7.3,7.4,7.2,7.2,162160.0,29942.0
2017-12-22,7.45,7.7,7.31,7.48,354870.0,30313.0
2017-12-25,7.45,7.55,7.31,7.4,95940.0,30579.0
2017-12-26,7.33,7.4,7.2,7.4,240920.0,30313.0
2017-12-27,7.4,7.5,7.25,7.25,255040.0,30101.0
2017-12-28,7.25,7.4,7.18,7.18,164460.0,30366.0
2017-12-29,7.19,7.2,7.1,7.18,234920.0,30313.0
2018-01-02,7.11,7.2,7.09,7.15,165880.0,31747.0
2018-01-03,7.19,7.2,6.82,6.82,449450.0,31747.0
2018-01-04,7.0,7.1,6.82,6.82,472830.0,32384.0
2018-01-05,6.82,7.0,6.61,6.98,213020.0,31853.0
2018-01-08,6.98,7.0,6.75,6.89,199400.0,32331.0
2018-01-09,6.65,6.84,6.6,6.75,355430.0,32968.0
2018-01-10,6.75,6.75,6.6,6.73,315920.0,32649.0
2018-01-11,6.75,7.2,6.75,7.2,940740.0,32649.0
2018-01-12,7.65,7.7,7.45,7.5,1094000.0,31959.0
2018-01-15,7.5,7.5,7.2,7.5,233450.0,32384.0
2018-01-16,7.5,7.5,7.25,7.25,352070.0,32384.0
2018-01-17,7.25,7.25,6.9,6.9,374830.0,31322.0
2018-01-18,6.9,7.05,6.79,6.93,181980.0,31322.0
2018-01-19,7.1,7.39,6.94,6.95,354570.0,31269.0
2018-01-22,6.5,6.68,6.47,6.5,1131710.0,32331.0
2018-01-25,6.35,6.48,6.2,6.2,706110.0,32437.0
2018-01-26,6.2,6.5,6.2,6.45,212160.0,32277.0
2018-01-29,6.45,6.45,6.0,6.0,1132680.0,32012.0
2018-01-30,6.0,6.16,6.0,6.01,183780.0,33976.0
2018-01-31,6.1,6.29,6.0,6.16,169060.0,33392.0
2018-02-01,6.02,6.15,6.0,6.01,74660.0,32702.0
2018-02-02,5.67,6.09,5.67,6.01,51080.0,32384.0
2018-02-05,5.8,5.95,5.6,5.6,203330.0,30313.0
2018-02-06,5.23,5.45,5.21,5.23,366890.0,28774.0
2018-02-07,5.23,5.56,5.1,5.23,56350.0,30048.0
2018-02-08,5.48,5.48,5.21,5.25,32420.0,29305.0
2018-02-09,5.2,5.25,5.05,5.1,144850.0,29198.0
2018-02-12,5.4,5.4,5.1,5.4,75750.0,30313.0
2018-02-13,5.7,5.77,5.11,5.77,45180.0,31322.0
2018-02-21,5.77,5.9,5.76,5.77,21140.0,31534.0
2018-02-22,5.9,5.9,5.77,5.8,19040.0,31003.0
2018-02-23,5.88,6.0,5.79,6.0,36260.0,32118.0
2018-02-26,6.0,6.0,5.7,5.7,46540.0,32065.0
2018-02-27,5.6,5.89,5.31,5.31,264270.0,31747.0
2018-02-28,5.31,5.49,4.97,5.49,168540.0,31747.0
2018-03-01,5.28,5.48,5.2,5.3,79800.0,32277.0
2018-03-02,5.4,5.67,5.3,5.67,198140.0,32437.0
2018-03-05,5.62,5.99,5.61,5.7,104750.0,32649.0
2018-03-06,5.8,6.09,5.8,6.09,166720.0,33605.0
2018-03-07,6.51,6.51,6.3,6.48,736450.0,33021.0
2018-03-08,6.5,6.5,6.1,6.33,111020.0,33021.0
2018-03-09,6.1,6.4,6.1,6.35,197440.0,32702.0
2018-03-12,6.3,6.33,6.1,6.28,83150.0,32596.0
2018-03-13,6.27,6.27,6.02,6.1,49210.0,31906.0
2018-03-14,6.1,6.1,5.89,6.0,45030.0,32277.0
2018-03-15,5.76,6.39,5.75,6.39,85210.0,32171.0
2018-03-16,6.31,6.5,6.2,6.4,251540.0,31906.0
2018-03-19,6.39,6.4,6.21,6.4,294810.0,32118.0
2018-03-20,6.38,6.38,6.22,6.35,92370.0,32543.0
2018-03-21,6.28,6.35,6.12,6.27,102620.0,32384.0
2018-03-22,6.27,6.27,6.05,6.05,63650.0,31906.0
2018-03-23,6.03,6.03,5.9,6.0,129160.0,31109.0
2018-03-26,6.0,6.2,5.58,6.2,53340.0,31428.0
2018-03-27,6.2,6.35,5.9,6.23,10510.0,31587.0
2018-03-28,6.23,6.3,5.9,6.2,9740.0,31269.0
2018-03-29,6.0,6.1,5.9,5.9,16930.0,31587.0
2018-03-30,5.72,6.0,5.72,5.9,25930.0,32224.0
2018-04-02,6.05,6.05,5.8,5.8,35310.0,32649.0
2018-04-03,5.8,5.85,5.51,5.84,28530.0,32490.0
2018-04-04,5.84,5.95,5.6,5.84,81500.0,32755.0
2018-04-05,5.95,6.06,5.8,6.06,124120.0,33445.0
2018-04-06,6.1,6.46,6.1,6.3,249270.0,33286.0
2018-04-09,6.49,6.49,6.2,6.2,198570.0,33658.0
2018-04-10,6.19,6.28,5.95,6.15,135030.0,34189.0
2018-04-11,6.0,6.1,5.9,5.9,73190.0,33445.0
2018-04-12,6.2,6.2,5.75,5.9,19590.0,33764.0
2018-04-13,5.9,6.13,5.8,6.09,62920.0,32914.0
2018-04-16,5.9,5.98,5.81,5.97,186990.0,32437.0
2018-04-17,6.09,6.09,5.95,6.0,39590.0,32914.0
2018-04-18,6.15,6.15,5.95,6.08,125580.0,32914.0
2018-04-19,6.08,6.08,5.8,6.0,49140.0,32224.0
2018-04-20,6.0,6.0,5.8,5.9,11950.0,32706.0
2018-04-23,5.9,5.98,5.6,5.87,149830.0,30945.0
2018-04-24,5.7,5.7,5.46,5.67,76230.0,30091.0
2018-04-26,5.67,5.67,5.28,5.44,170310.0,29344.0
2018-04-27,5.3,5.79,5.1,5.7,260530.0,30411.0
2018-05-02,5.5,5.75,5.47,5.75,222410.0,30411.0
2018-05-03,5.74,5.74,5.36,5.36,266250.0,30945.0
2018-05-04,5.36,5.65,5.24,5.4,52170.0,31372.0
2018-05-07,5.59,5.59,5.16,5.55,18530.0,31799.0
2018-05-08,5.6,5.6,5.2,5.58,121590.0,31478.0
2018-05-09,5.32,5.6,5.32,5.56,200950.0,31158.0
2018-05-10,5.58,5.59,5.5,5.56,174610.0,31105.0
2018-05-11,5.32,5.58,5.32,5.56,72470.0,31745.0
2018-05-14,5.75,5.75,5.5,5.58,85470.0,32866.0
2018-05-15,5.6,5.97,5.6,5.85,103250.0,32759.0
2018-05-16,5.8,6.0,5.72,5.92,343700.0,32279.0
2018-05-17,5.85,6.33,5.85,6.3,513740.0,32332.0
2018-05-18,6.15,6.35,6.02,6.3,267090.0,32439.0
2018-05-21,6.3,6.34,6.22,6.3,293120.0,32546.0
2018-05-22,6.15,6.29,5.87,6.1,195660.0,31852.0
2018-05-23,5.88,6.17,5.7,6.1,226930.0,32332.0
2018-05-24,6.18,6.18,5.8,5.85,325860.0,31745.0
2018-05-25,5.8,5.9,5.7,5.7,185450.0,26090.0
2018-05-28,5.7,5.7,5.31,5.31,322650.0,24276.0
2018-05-29,5.0,5.5,5.0,5.48,99520.0,25289.0
2018-05-30,5.5,5.5,5.3,5.49,43630.0,24249.0
2018-05-31,5.49,5.5,5.45,5.5,167640.0,24543.0
2018-06-01,5.5,5.88,5.47,5.88,428500.0,24783.0
2018-06-04,5.5,5.99,5.5,5.97,276270.0,25209.0
2018-06-05,5.73,5.93,5.68,5.93,183020.0,25503.0
2018-06-06,5.75,5.89,5.67,5.89,119870.0,25876.0
2018-06-07,5.89,5.98,5.89,5.94,231770.0,29328.0
2018-06-08,5.88,6.18,5.88,6.1,464530.0,29420.0
2018-06-11,6.1,6.33,6.0,6.28,318700.0,29144.0
2018-06-12,6.21,6.21,5.98,6.14,373020.0,28408.0
2018-06-13,5.94,6.14,5.94,6.14,208840.0,28714.0
2018-06-14,6.14,6.25,6.12,6.17,167700.0,28592.0
2018-06-15,6.2,6.2,6.15,6.15,272320.0,28530.0
2018-06-18,6.17,6.17,6.05,6.12,230460.0,27855.0
2018-06-19,6.05,6.05,5.7,5.7,180550.0,27303.0
2018-06-20,5.85,5.98,5.71,5.98,319820.0,27855.0
2018-06-21,6.03,6.03,5.8,5.8,247110.0,27242.0
2018-06-22,5.92,6.15,5.89,6.15,404730.0,27610.0
2018-06-25,6.58,6.58,6.15,6.15,211900.0,27671.0
2018-06-26,6.15,6.45,6.12,6.3,376220.0,27303.0
2018-06-27,6.4,6.46,6.2,6.34,344790.0,27180.0
2018-06-28,6.34,6.78,6.34,6.54,977330.0,26076.0
2018-06-29,6.5,6.6,6.26,6.3,138040.0,25463.0
2018-07-02,6.35,6.38,6.06,6.22,304590.0,24665.0
2018-07-03,6.28,6.28,5.8,5.8,315700.0,23929.0
2018-07-04,5.9,5.9,5.65,5.65,153450.0,24542.0
2018-07-05,5.65,6.0,5.41,5.96,471770.0,24235.0
2018-07-06,5.96,6.06,5.65,6.06,344040.0,25033.0
2018-07-09,5.95,6.1,5.95,5.96,294550.0,24634.0
2018-07-10,6.0,6.0,5.9,5.98,374490.0,24788.0
2018-07-11,5.94,5.99,5.84,5.99,220800.0,24051.0
2018-07-12,6.02,6.03,5.91,5.96,330320.0,23806.0
2018-07-13,5.92,6.19,5.92,6.05,348430.0,24910.0
2018-07-16,6.18,6.22,6.07,6.19,234870.0,25094.0
2018-07-17,6.3,6.46,6.22,6.22,380180.0,25708.0
2018-07-18,6.38,6.38,6.1,6.22,305750.0,26321.0
2018-07-19,6.25,6.25,6.02,6.02,228060.0,26076.0
2018-07-20,5.9,6.0,5.85,6.0,374490.0,25524.0
2018-07-23,5.92,6.2,5.86,5.86,307560.0,25769.0
2018-07-24,5.94,5.94,5.7,5.85,142270.0,25892.0
2018-07-25,5.98,5.98,5.65,5.68,401620.0,26015.0
2018-07-26,5.66,5.88,5.64,5.79,388230.0,26107.0
2018-07-27,5.95,5.95,5.57,5.66,655160.0,26567.0
2018-07-30,5.6,5.7,5.47,5.47,459660.0,26567.0
2018-07-31,5.41,5.45,5.3,5.35,221890.0,26260.0
2018-08-01,5.3,5.5,5.2,5.3,286740.0,25769.0
2018-08-02,5.3,5.35,5.1,5.3,539780.0,26199.0
2018-08-03,5.3,5.3,5.12,5.13,347050.0,26137.0
2018-08-06,5.1,5.15,4.85,4.9,504470.0,25923.0
2018-08-07,4.88,4.97,4.81,4.81,260680.0,25739.0
2018-08-08,4.81,5.05,4.8,5.05,210780.0,26076.0
2018-08-09,5.13,5.13,5.01,5.02,60440.0,26260.0
2018-08-10,5.02,5.02,4.89,5.0,294940.0,26444.0
2018-08-13,5.0,5.0,4.88,4.9,309970.0,26659.0
2018-08-14,4.9,4.99,4.88,4.9,64610.0,27180.0
2018-08-15,4.89,5.03,4.88,4.9,149290.0,26874.0
2018-08-16,4.88,4.88,4.76,4.81,627540.0,26383.0
2018-08-17,4.85,4.86,4.51,4.75,414990.0,26690.0
2018-08-20,4.71,4.75,4.45,4.45,415910.0,26812.0
2018-08-21,4.45,4.45,4.16,4.16,341030.0,26812.0
2018-08-22,4.29,4.4,4.29,4.38,102000.0,27027.0
2018-08-23,4.44,4.45,4.3,4.38,488230.0,27242.0
2018-08-24,4.38,4.65,4.36,4.65,548940.0,27272.0
2018-08-27,4.63,4.94,4.63,4.87,520600.0,27242.0
2018-08-28,4.83,4.94,4.69,4.76,207670.0,27119.0
2018-08-29,4.7,4.78,4.64,4.7,137320.0,27119.0
2018-08-30,4.7,4.8,4.59,4.8,352770.0,27088.0
2018-08-31,4.83,4.84,4.73,4.83,339650.0,27119.0
2018-09-04,4.87,4.87,4.73,4.83,528690.0,27058.0
2018-09-05,4.83,4.83,4.7,4.76,179370.0,26567.0
2018-09-06,4.76,4.76,4.6,4.65,231290.0,25984.0
2018-09-07,4.62,4.7,4.61,4.7,275090.0,26383.0
2018-09-10,4.69,4.89,4.63,4.78,527770.0,26107.0
2018-09-11,4.89,5.11,4.83,5.11,446540.0,26475.0
2018-09-12,5.45,5.45,5.25,5.34,371490.0,26414.0
2018-09-13,5.34,5.34,5.14,5.25,332540.0,26628.0
2018-09-14,5.18,5.25,5.14,5.15,182070.0,27334.0
2018-09-17,5.12,5.15,4.8,5.0,466610.0,27058.0
2018-09-18,5.11,5.15,4.98,5.1,305290.0,27487.0
2018-09-19,5.07,5.44,5.07,5.25,336170.0,27886.0
2018-09-20,5.25,5.3,5.15,5.26,437110.0,28162.0
2018-09-21,5.17,5.28,5.17,5.2,223250.0,28162.0
2018-09-24,5.2,5.4,5.15,5.3,391200.0,28285.0
2018-09-25,5.35,5.35,5.21,5.23,122030.0,28162.0
2018-09-26,5.34,5.34,5.19,5.24,255510.0,28254.0
2018-09-27,5.33,5.45,5.2,5.41,399350.0,28346.0
2018-09-28,5.41,5.46,5.37,5.41,191190.0,28408.0
2018-10-01,5.42,5.42,5.31,5.38,311940.0,28224.0
2018-10-02,5.38,5.41,5.35,5.36,144120.0,27794.0
2018-10-03,5.36,5.44,5.35,5.41,365270.0,27917.0
2018-10-04,5.36,5.45,5.36,5.42,326000.0,28131.0
2018-10-05,5.42,5.42,5.31,5.31,284900.0,27978.0
2018-10-08,5.3,5.33,5.19,5.29,115480.0,27610.0
2018-10-09,5.22,5.35,5.22,5.32,273590.0,27426.0
2018-10-10,5.35,5.35,5.25,5.28,232070.0,27794.0
2018-10-11,5.21,5.21,4.92,4.92,531180.0,26199.0
2018-10-12,4.72,5.19,4.7,5.19,284830.0,26874.0
2018-10-15,5.46,5.46,5.09,5.09,342690.0,26383.0
2018-10-16,5.25,5.38,5.08,5.38,439690.0,26536.0
2018-10-17,5.38,5.46,5.36,5.43,433050.0,26751.0
2018-10-18,5.5,5.81,5.43,5.81,722740.0,26751.0
2018-10-19,5.95,6.14,5.8,5.82,499070.0,26383.0
2018-10-22,5.69,5.7,5.42,5.42,187260.0,26475.0
2018-10-23,5.05,5.26,5.05,5.05,809410.0,25892.0
2018-10-24,5.0,5.19,4.97,5.08,354960.0,25647.0
2018-10-25,4.85,4.98,4.78,4.95,384400.0,25186.0
2018-10-26,4.95,5.0,4.61,4.61,534550.0,25033.0
2018-10-29,4.7,4.89,4.51,4.89,165930.0,25156.0
2018-10-30,4.84,4.88,4.6,4.65,372050.0,25156.0
2018-10-31,4.74,4.74,4.61,4.61,189180.0,25739.0
2018-11-01,4.61,4.66,4.54,4.66,211940.0,25708.0
2018-11-02,4.66,4.85,4.59,4.8,187490.0,26321.0
2018-11-05,4.74,4.79,4.69,4.7,41750.0,26107.0
2018-11-06,4.75,4.75,4.65,4.67,212900.0,25861.0
2018-11-07,4.7,4.74,4.68,4.68,153630.0,25677.0
2018-11-08,4.73,4.92,4.7,4.71,48010.0,25861.0
2018-11-09,4.82,4.82,4.7,4.8,46430.0,25309.0
2018-11-12,4.76,4.83,4.74,4.79,158770.0,25739.0
2018-11-13,4.77,4.77,4.6,4.77,62250.0,25555.0
2018-11-14,4.77,4.77,4.68,4.7,59340.0,25923.0
2018-11-15,4.7,4.75,4.68,4.7,141630.0,25892.0
2018-11-16,4.71,4.77,4.7,4.72,97940.0,26229.0
2018-11-19,4.72,4.75,4.7,4.73,61810.0,26475.0
2018-11-20,4.7,4.73,4.68,4.68,22900.0,26628.0
2018-11-21,4.68,4.8,4.66,4.8,189040.0,26628.0
2018-11-22,4.89,4.89,4.79,4.82,84900.0,26628.0
2018-11-23,4.85,5.0,4.8,5.0,165800.0,26414.0
2018-11-26,5.0,5.3,4.9,5.12,149010.0,26045.0
2018-11-27,5.0,5.25,5.0,5.19,43300.0,26229.0
2018-11-28,5.01,5.25,5.01,5.18,22320.0,26260.0
2018-11-29,5.26,5.26,4.98,4.98,49690.0,26321.0
2018-11-30,5.16,5.16,4.95,5.0,47090.0,26321.0
2018-12-03,5.19,5.19,4.96,5.0,27900.0,27549.0
2018-12-04,5.14,5.14,4.95,5.04,32080.0,27579.0
2018-12-05,5.0,5.04,4.89,4.98,66070.0,27365.0
2018-12-06,4.96,4.98,4.8,4.93,74410.0,27242.0
2018-12-07,4.86,4.95,4.7,4.7,181850.0,27671.0
2018-12-10,4.7,4.78,4.68,4.68,83020.0,27119.0
2018-12-11,4.78,4.78,4.68,4.69,36100.0,27027.0
2018-12-12,4.78,4.78,4.68,4.71,39330.0,27272.0
2018-12-13,4.71,4.71,4.7,4.71,12990.0,27365.0
2018-12-14,4.75,4.76,4.71,4.76,44460.0,27088.0
2018-12-17,4.75,4.76,4.7,4.7,27010.0,26383.0
2018-12-18,4.7,4.7,4.38,4.64,149370.0,25769.0
2018-12-19,4.6,4.6,4.4,4.56,37980.0,25831.0
2018-12-20,4.56,4.6,4.55,4.57,37140.0,25800.0
2018-12-21,4.55,4.56,4.5,4.52,37400.0,26076.0
2018-12-24,4.55,4.63,4.55,4.63,144930.0,25769.0
2018-12-25,4.63,4.63,4.5,4.5,244260.0,25463.0
2018-12-26,4.57,4.57,4.4,4.45,49240.0,25401.0
2018-12-27,4.65,4.65,4.42,4.5,169730.0,25647.0
2018-12-28,4.5,4.53,4.41,4.41,152510.0,25892.0
2019-01-02,4.5,4.5,4.4,4.41,215800.0,25278.0
2019-01-03,4.45,4.45,4.39,4.4,123820.0,25033.0
2019-01-04,4.4,4.6,4.38,4.6,11300.0,25217.0
2019-01-07,4.54,4.58,4.28,4.4,568700.0,25647.0
2019-01-08,4.4,4.48,4.3,4.48,185390.0,25769.0
2019-01-09,4.45,4.52,4.45,4.52,334050.0,26015.0
2019-01-10,4.5,4.52,4.4,4.5,317650.0,25861.0
2019-01-11,4.52,4.52,4.43,4.5,223180.0,25892.0
2019-01-14,4.51,4.55,4.44,4.49,57190.0,26076.0
2019-01-15,4.46,4.58,4.46,4.49,337210.0,26260.0
2019-01-16,4.5,4.78,4.5,4.7,167210.0,26107.0
2019-01-17,4.8,4.8,4.63,4.63,409120.0,25769.0
2019-01-18,4.61,4.68,4.57,4.57,197230.0,25769.0
2019-01-21,4.51,4.57,4.46,4.5,73700.0,26076.0
2019-01-22,4.48,4.6,4.19,4.6,390100.0,25984.0
2019-01-23,4.51,4.58,4.39,4.45,179430.0,25984.0
2019-01-24,4.6,4.6,4.5,4.55,355890.0,26045.0
2019-01-25,4.48,4.58,4.46,4.49,104220.0,26015.0
2019-01-28,4.5,4.53,4.49,4.49,67500.0,25831.0
2019-01-29,4.49,4.52,4.46,4.48,311290.0,26076.0
2019-01-30,4.48,4.48,4.4,4.48,103760.0,26506.0
2019-01-31,4.5,4.5,4.45,4.49,356890.0,26506.0
2019-02-01,4.5,4.53,4.49,4.49,324090.0,26137.0
2019-02-11,4.46,4.59,4.46,4.52,119490.0,27088.0
2019-02-12,4.52,4.52,4.21,4.49,155160.0,26935.0
2019-02-13,4.45,4.49,4.36,4.46,79000.0,27334.0
2019-02-14,4.52,4.52,4.36,4.4,45630.0,27150.0
2019-02-15,4.36,4.39,4.3,4.36,69840.0,27119.0
2019-02-18,4.33,4.48,4.3,4.36,25800.0,27242.0
2019-02-19,4.4,4.4,4.27,4.3,88720.0,27242.0
2019-02-20,4.35,4.4,4.27,4.34,27120.0,27518.0
2019-02-21,4.29,4.3,4.21,4.3,41880.0,27487.0
2019-02-22,4.21,4.28,4.2,4.28,26060.0,27733.0
2019-02-25,4.25,4.35,4.22,4.24,12510.0,27917.0
2019-02-26,4.22,4.27,4.18,4.24,68720.0,27733.0
2019-02-27,4.29,4.29,4.16,4.18,15570.0,27671.0
2019-02-28,4.16,4.24,4.1,4.14,48360.0,27119.0
2019-03-01,4.23,4.23,4.08,4.2,10180.0,27365.0
2019-03-04,4.2,4.4,4.11,4.39,69800.0,27610.0
2019-03-05,4.38,4.39,4.35,4.38,28360.0,27549.0
2019-03-06,4.35,4.39,4.28,4.31,37760.0,27365.0
2019-03-07,4.34,4.38,4.32,4.33,32200.0,27457.0
2019-03-08,4.34,4.36,4.21,4.33,36320.0,27395.0
2019-03-11,4.33,4.38,4.32,4.33,22450.0,27303.0
2019-03-12,4.39,4.39,4.28,4.3,54450.0,28530.0
2019-03-13,4.28,4.34,4.19,4.3,51860.0,28346.0
2019-03-14,4.22,4.3,4.19,4.21,134270.0,28377.0
2019-03-15,4.29,4.29,4.2,4.26,23420.0,28224.0
2019-03-18,4.21,4.25,4.18,4.25,71260.0,28346.0
2019-03-19,4.3,4.3,4.15,4.15,54850.0,28039.0
2019-03-20,4.19,4.2,4.15,4.2,23910.0,27886.0
2019-03-21,4.15,4.23,4.15,4.22,20170.0,27671.0
2019-03-22,4.22,4.22,4.15,4.2,17940.0,27641.0
2019-03-25,4.14,4.19,4.1,4.17,25560.0,27242.0
2019-03-26,4.02,4.17,4.02,4.15,10690.0,27457.0
2019-03-27,4.15,4.15,4.08,4.13,74140.0,27610.0
2019-03-28,4.13,4.13,4.0,4.08,95570.0,27702.0
2019-03-29,3.93,4.09,3.93,4.07,57200.0,27917.0
2019-04-01,4.07,4.07,4.0,4.01,53080.0,28101.0
2019-04-02,4.03,4.06,4.01,4.05,34740.0,28224.0
2019-04-03,4.05,4.1,4.05,4.1,23320.0,28960.0
2019-04-04,4.0,4.05,3.97,4.02,67650.0,29328.0
2019-04-05,4.04,4.05,3.98,4.0,31200.0,29328.0
2019-04-08,4.05,4.05,3.74,3.95,96630.0,29328.0
2019-04-09,3.85,3.95,3.8,3.8,130490.0,29166.0
2019-04-10,3.8,3.8,3.71,3.79,64700.0,28920.0
2019-04-11,3.83,3.83,3.67,3.7,155050.0,28981.0
2019-04-12,3.7,3.95,3.67,3.95,81240.0,29721.0
2019-04-16,3.9,4.02,3.9,4.02,43430.0,29536.0
2019-04-17,3.99,3.99,3.82,3.86,14490.0,29906.0
2019-04-18,3.82,3.85,3.7,3.71,42510.0,29906.0
2019-04-19,3.75,3.82,3.66,3.76,209230.0,29875.0
2019-04-22,3.72,3.74,3.6,3.6,109760.0,29536.0
2019-04-23,3.7,3.7,3.57,3.6,237500.0,29536.0
2019-04-24,3.6,3.7,3.6,3.7,158920.0,29937.0
2019-04-25,3.74,3.81,3.64,3.75,398850.0,30091.0
2019-04-26,3.78,3.78,3.7,3.73,98620.0,30554.0
2019-05-02,3.73,3.73,3.6,3.7,261920.0,30739.0
2019-05-03,3.7,3.7,3.57,3.57,224290.0,30831.0
2019-05-06,3.54,3.57,3.4,3.43,155250.0,30060.0
2019-05-07,3.35,3.47,3.31,3.39,194700.0,30646.0
2019-05-08,3.32,3.35,3.16,3.16,495790.0,30615.0
2019-05-09,3.1,3.2,3.01,3.15,308230.0,29968.0
2019-05-10,3.16,3.16,3.05,3.15,175070.0,30214.0
2019-05-13,3.12,3.12,2.95,2.95,276200.0,30523.0
2019-05-14,2.83,3.0,2.81,3.0,213740.0,30954.0
2019-05-15,3.04,3.06,3.0,3.02,253900.0,31078.0
2019-05-16,3.02,3.14,3.02,3.05,156300.0,30615.0
2019-05-17,3.01,3.03,2.99,3.01,89010.0,27409.0
2019-05-20,3.03,3.16,3.02,3.09,174080.0,27902.0
2019-05-21,3.18,3.18,3.1,3.16,97610.0,28303.0
2019-05-22,3.16,3.38,3.15,3.35,1035230.0,27902.0
2019-05-23,3.36,3.56,3.36,3.51,314820.0,28180.0
2019-05-24,3.39,3.55,3.38,3.44,182250.0,28118.0
2019-05-27,3.4,3.48,3.31,3.44,174370.0,27902.0
2019-05-28,3.44,3.5,3.3,3.44,181900.0,27655.0
2019-05-29,3.48,3.48,3.35,3.44,23140.0,27193.0
2019-05-30,3.36,3.44,3.34,3.44,87270.0,30217.0
2019-05-31,3.48,3.48,3.26,3.26,107060.0,29912.0
2019-06-03,3.26,3.26,3.04,3.04,200530.0,29505.0
2019-06-04,3.17,3.17,3.01,3.08,14000.0,29369.0
2019-06-05,3.1,3.16,3.0,3.1,36890.0,29573.0
2019-06-06,3.1,3.12,3.0,3.0,21760.0,30183.0
2019-06-07,2.99,3.09,2.98,2.98,108840.0,30658.0
2019-06-10,3.06,3.07,3.0,3.04,44500.0,30590.0
2019-06-11,3.08,3.15,3.04,3.1,21700.0,30658.0
2019-06-12,3.11,3.11,3.05,3.1,16390.0,30556.0
2019-06-13,3.2,3.2,3.03,3.03,15430.0,30217.0
2019-06-14,3.09,3.09,3.04,3.07,7600.0,30115.0
2019-06-17,3.14,3.14,2.99,3.1,5070.0,29878.0
2019-06-18,3.14,3.14,2.99,3.0,27040.0,29878.0
2019-06-19,3.05,3.07,2.99,3.01,18980.0,30285.0
2019-06-20,2.98,3.02,2.97,3.0,53230.0,30794.0
2019-06-21,3.0,3.0,2.9,2.92,65260.0,30794.0
2019-06-24,2.87,2.98,2.87,2.97,17130.0,30624.0
2019-06-25,2.92,2.97,2.77,2.77,449660.0,31540.0
2019-06-26,2.8,2.86,2.7,2.7,75350.0,31302.0
2019-06-27,2.69,2.83,2.68,2.8,83530.0,30794.0
2019-06-28,2.8,2.8,2.7,2.77,21620.0,30862.0
2019-07-01,2.74,2.8,2.61,2.74,41250.0,31947.0
2019-07-02,2.75,2.75,2.67,2.71,73380.0,31811.0
2019-07-03,2.71,2.88,2.71,2.72,16540.0,31743.0
2019-07-04,2.72,2.81,2.7,2.76,18390.0,31845.0
2019-07-05,2.86,2.86,2.76,2.84,104480.0,31608.0
2019-07-08,2.88,3.03,2.84,3.03,198560.0,31404.0
2019-07-09,3.24,3.24,3.24,3.24,181420.0,31709.0
2019-07-10,3.46,3.46,3.27,3.3,650080.0,31913.0
2019-07-11,3.3,3.3,3.08,3.12,126660.0,31879.0
2019-07-12,3.24,3.24,3.08,3.12,214400.0,31879.0
2019-07-15,3.12,3.13,3.08,3.11,320190.0,32082.0
2019-07-16,3.08,3.1,3.06,3.09,159140.0,32082.0
2019-07-17,3.1,3.25,3.07,3.07,101430.0,31913.0
2019-07-18,3.12,3.14,3.08,3.13,44730.0,31743.0
2019-07-19,3.13,3.21,3.11,3.16,24050.0,32693.0
2019-07-22,3.16,3.16,3.03,3.03,136020.0,32795.0
2019-07-23,3.03,3.16,3.03,3.14,59500.0,33100.0
2019-07-24,3.14,3.22,3.1,3.13,101050.0,32964.0
2019-07-25,3.13,3.16,3.13,3.16,119700.0,32998.0
2019-07-26,3.26,3.27,3.16,3.19,30940.0,33100.0
2019-07-29,3.17,3.24,3.11,3.18,104110.0,32964.0
2019-07-30,3.23,3.23,3.06,3.06,96710.0,32422.0
2019-07-31,2.9,3.05,2.85,2.9,742040.0,32829.0
2019-08-01,2.9,2.9,2.7,2.72,121840.0,32795.0
2019-08-02,2.88,2.88,2.72,2.88,59780.0,33100.0
2019-08-05,2.94,2.94,2.74,2.94,159550.0,33236.0
2019-08-06,2.91,2.93,2.8,2.92,110850.0,33202.0
2019-08-07,2.9,2.9,2.82,2.9,78910.0,33744.0
2019-08-08,2.9,3.1,2.82,3.08,410860.0,34117.0
2019-08-09,3.2,3.29,3.14,3.18,141660.0,34660.0
2019-08-12,3.06,3.26,3.05,3.2,188920.0,35474.0
2019-08-13,3.11,3.11,3.0,3.0,174320.0,35610.0
2019-08-14,3.02,3.14,3.0,3.04,54660.0,36084.0
2019-08-15,3.01,3.01,2.85,3.0,89550.0,35949.0
2019-08-16,2.9,3.05,2.9,3.0,19770.0,35270.0
2019-08-19,3.0,3.0,2.91,2.92,20560.0,35542.0
2019-08-20,2.92,3.0,2.87,2.9,153140.0,36627.0
2019-08-21,3.02,3.02,2.9,2.97,71100.0,36356.0
2019-08-22,3.0,3.06,2.95,3.01,165850.0,35949.0
2019-08-23,3.04,3.07,2.96,3.07,42010.0,36898.0
2019-08-26,3.07,3.19,3.0,3.18,167930.0,36423.0
2019-08-27,3.18,3.18,2.96,3.15,134620.0,35813.0
2019-08-28,3.15,3.15,2.94,3.14,154300.0,35338.0
2019-08-29,3.13,3.13,3.04,3.12,168820.0,35745.0
2019-08-30,3.04,3.1,2.97,3.04,102520.0,36016.0
2019-09-03,3.0,3.0,2.83,2.83,584400.0,36423.0
2019-09-04,2.85,2.95,2.82,2.9,54910.0,36084.0
2019-09-05,2.97,3.07,2.95,3.07,125510.0,35677.0
2019-09-06,2.91,3.08,2.91,3.06,241980.0,35881.0
2019-09-09,3.01,3.06,2.95,2.95,304400.0,36491.0
2019-09-10,3.05,3.06,2.96,3.02,64010.0,36627.0
2019-09-11,2.9,3.09,2.89,3.09,96030.0,36695.0
2019-09-12,2.92,3.15,2.92,3.12,248850.0,38323.0
2019-09-13,3.01,3.12,2.95,3.1,74070.0,38526.0
2019-09-16,3.1,3.1,2.97,3.1,128200.0,39137.0
2019-09-17,3.0,3.1,2.99,3.01,97840.0,39069.0
2019-09-18,2.97,3.12,2.94,3.0,127500.0,38255.0
2019-09-19,3.0,3.12,3.0,3.11,87390.0,39204.0
2019-09-20,3.11,3.12,3.0,3.0,79320.0,39476.0
2019-09-23,2.99,3.12,2.99,3.11,200270.0,38323.0
2019-09-24,3.11,3.11,2.98,3.09,222430.0,38119.0
2019-09-25,2.99,3.05,2.99,2.99,27400.0,38933.0
2019-09-26,2.95,3.12,2.95,2.99,157960.0,39137.0
2019-09-27,2.99,3.04,2.96,2.96,52540.0,39679.0
2019-09-30,3.02,3.09,2.96,2.98,111860.0,39137.0
2019-10-01,2.97,3.05,2.97,2.98,34310.0,39679.0
2019-10-02,3.04,3.15,3.0,3.02,216950.0,38797.0
2019-10-03,3.08,3.13,3.02,3.12,75300.0,38797.0
2019-10-04,3.12,3.12,3.06,3.11,3080.0,38526.0
2019-10-07,3.12,3.12,3.0,3.11,43450.0,37644.0
2019-10-08,3.1,3.13,3.1,3.13,118210.0,38051.0
2019-10-09,3.13,3.13,3.04,3.04,62780.0,38255.0
2019-10-10,3.13,3.14,3.02,3.14,64670.0,38255.0
2019-10-11,3.15,3.15,3.05,3.05,7210.0,38323.0
2019-10-14,3.1,3.13,3.03,3.13,78550.0,39137.0
2019-10-15,3.08,3.13,3.06,3.13,36050.0,38933.0
2019-10-16,3.13,3.13,3.1,3.1,70090.0,39001.0
2019-10-17,3.13,3.13,3.08,3.12,11900.0,38458.0
2019-10-18,3.08,3.12,3.08,3.12,85580.0,38730.0
2019-10-21,3.07,3.1,3.06,3.1,9510.0,38323.0
2019-10-22,3.0,3.1,3.0,3.1,32130.0,38187.0
2019-10-23,3.01,3.01,3.01,3.01,1000.0,38255.0
2019-10-24,3.01,3.07,3.0,3.07,8980.0,39476.0
2019-10-25,3.01,3.07,3.0,3.07,14400.0,39340.0
2019-10-28,3.07,3.07,2.98,3.06,5020.0,39408.0
2019-10-29,2.98,3.06,2.86,2.91,153160.0,39272.0
2019-10-30,2.85,3.06,2.85,2.9,9890.0,39204.0
2019-10-31,2.88,3.03,2.85,3.03,100240.0,39272.0
2019-11-01,3.03,3.04,2.88,3.0,32930.0,39679.0
2019-11-04,2.96,2.96,2.85,2.9,94810.0,40629.0
2019-11-05,2.92,3.02,2.87,3.01,53720.0,40561.0
2019-11-06,3.01,3.01,2.91,2.91,8770.0,40357.0
2019-11-07,2.98,2.98,2.88,2.88,1270.0,40357.0
2019-11-08,3.0,3.0,2.92,2.92,2260.0,40425.0
2019-11-11,2.98,2.98,2.9,2.9,50.0,40697.0
2019-11-12,2.9,2.9,2.83,2.9,20150.0,41375.0
2019-11-13,2.97,2.97,2.85,2.86,1820.0,41036.0
2019-11-14,2.81,2.88,2.81,2.88,20890.0,39544.0
2019-11-15,2.91,3.04,2.88,3.04,135470.0,39747.0
2019-11-18,3.05,3.05,2.85,3.03,65820.0,39001.0
2019-11-19,3.01,3.06,2.83,2.83,150540.0,39544.0
2019-11-20,2.81,2.83,2.81,2.83,10570.0,38526.0
2019-11-21,2.82,2.94,2.82,2.94,21000.0,37983.0
2019-11-22,2.96,2.99,2.81,2.81,113840.0,37983.0
2019-11-25,3.0,3.0,2.81,2.81,17510.0,38390.0
2019-11-26,2.9,2.9,2.9,2.9,3510.0,38730.0
2019-11-27,2.93,2.93,2.8,2.9,14330.0,38662.0
2019-11-28,2.9,2.9,2.82,2.9,43500.0,37983.0
2019-11-29,2.9,2.91,2.8,2.9,20710.0,38255.0
2019-12-02,2.9,2.9,2.82,2.9,29740.0,37034.0
2019-12-03,2.9,2.92,2.89,2.9,50660.0,36966.0
2019-12-04,2.9,2.96,2.9,2.96,99960.0,37577.0
2019-12-05,2.96,2.97,2.83,2.9,121180.0,37237.0
2019-12-06,2.9,2.98,2.85,2.87,95070.0,37305.0
2019-12-09,2.97,2.97,2.87,2.87,850.0,37509.0
2019-12-10,2.86,2.87,2.78,2.78,68450.0,37644.0
2019-12-11,2.95,2.95,2.88,2.88,181980.0,38323.0
2019-12-12,2.9,2.95,2.86,2.86,106490.0,38662.0
2019-12-13,2.92,2.98,2.86,2.95,96690.0,38730.0
2019-12-16,2.95,2.97,2.87,2.87,178670.0,38323.0
2019-12-17,2.87,2.98,2.86,2.87,188600.0,37577.0
2019-12-18,2.97,2.99,2.89,2.89,90440.0,37644.0
2019-12-19,2.89,2.99,2.9,2.9,48620.0,37848.0
2019-12-20,2.9,2.97,2.9,2.97,76490.0,38323.0
2019-12-23,2.98,2.99,2.91,2.93,87450.0,38051.0
2019-12-24,3.02,3.02,2.8,2.85,52230.0,38255.0
2019-12-25,2.99,2.99,2.85,2.88,12590.0,39001.0
2019-12-26,2.89,2.97,2.83,2.97,2060.0,38933.0
2019-12-27,2.93,2.98,2.93,2.98,50.0,39069.0
2019-12-30,2.98,2.98,2.82,2.82,3480.0,39747.0
2019-12-31,2.95,2.98,2.83,2.9,191440.0,39544.0
2020-01-02,2.85,2.92,2.84,2.92,20260.0,39747.0
2020-01-03,2.92,2.92,2.86,2.92,49650.0,39069.0
2020-01-06,2.92,2.92,2.8,2.85,85930.0,38662.0
2020-01-07,2.83,2.83,2.7,2.8,30010.0,39408.0
2020-01-08,2.73,2.95,2.64,2.95,39660.0,38526.0
2020-01-09,2.76,2.9,2.75,2.89,9520.0,39069.0
2020-01-10,2.75,2.84,2.69,2.79,54440.0,39001.0
2020-01-13,2.7,2.77,2.62,2.62,32320.0,38730.0
2020-01-14,2.7,2.7,2.62,2.7,2900.0,38662.0
2020-01-15,2.73,2.75,2.7,2.75,12550.0,38662.0
2020-01-16,2.6,2.74,2.58,2.73,7830.0,39340.0
2020-01-17,2.75,2.75,2.68,2.72,38580.0,39069.0
2020-01-20,2.74,2.74,2.6,2.7,15330.0,38933.0
2020-01-21,2.57,2.69,2.56,2.56,15990.0,37644.0
2020-01-22,2.54,2.67,2.5,2.6,41530.0,38323.0
2020-01-30,2.6,2.66,2.6,2.66,16050.0,37102.0
2020-01-31,2.66,2.66,2.48,2.6,16480.0,35270.0
2020-02-03,2.45,2.56,2.42,2.56,42170.0,34931.0
2020-02-04,2.59,2.59,2.4,2.55,12520.0,35135.0
2020-02-05,2.43,2.59,2.41,2.57,5700.0,35270.0
2020-02-06,2.61,2.61,2.42,2.46,74430.0,36356.0
2020-02-07,2.4,2.55,2.4,2.5,5620.0,36152.0
2020-02-10,2.53,2.53,2.35,2.37,13170.0,35677.0
2020-02-11,2.45,2.47,2.37,2.4,9210.0,36356.0
2020-02-12,2.39,2.44,2.34,2.44,10200.0,36695.0
2020-02-13,2.44,2.44,2.38,2.43,1720.0,36830.0
2020-02-14,2.41,2.43,2.4,2.43,4580.0,36966.0
2020-02-17,2.4,2.42,2.34,2.4,27120.0,36763.0
2020-02-18,2.35,2.38,2.3,2.31,14830.0,37983.0
2020-02-19,2.27,2.35,2.25,2.29,4140.0,37780.0
2020-02-20,2.33,2.36,2.3,2.3,7800.0,37848.0
2020-02-21,2.31,2.34,2.29,2.3,13940.0,37102.0
2020-02-24,2.3,2.33,2.3,2.3,21000.0,35610.0
2020-02-25,2.3,2.44,2.3,2.3,38990.0,36627.0
2020-02-26,2.33,2.44,2.3,2.33,13950.0,37305.0
2020-02-27,2.46,2.46,2.3,2.34,31140.0,37983.0
2020-02-28,2.42,2.42,2.24,2.34,24450.0,37373.0
2020-03-02,2.34,2.38,2.3,2.33,68410.0,37780.0
2020-03-03,2.35,2.44,2.35,2.37,36190.0,37916.0
2020-03-04,2.37,2.53,2.37,2.53,101710.0,37644.0
2020-03-05,2.7,2.7,2.7,2.7,96190.0,37034.0
2020-03-06,2.88,2.88,2.8,2.88,223830.0,36627.0
2020-03-09,2.7,2.8,2.68,2.68,89290.0,34117.0
2020-03-10,2.55,2.85,2.55,2.83,26190.0,35067.0
2020-03-11,2.92,2.92,2.64,2.64,16720.0,34456.0
2020-03-12,2.46,2.6,2.46,2.46,72280.0,32625.0
2020-03-13,2.29,2.62,2.29,2.62,210730.0,32659.0
2020-03-16,2.44,2.62,2.44,2.61,72110.0,32286.0
2020-03-17,2.44,2.7,2.43,2.45,40170.0,32896.0
2020-03-18,2.45,2.55,2.34,2.49,46450.0,32829.0
2020-03-19,2.33,2.59,2.33,2.35,17640.0,32354.0
2020-03-20,2.3,2.44,2.19,2.23,57060.0,32354.0
2020-03-23,2.08,2.09,2.08,2.08,59150.0,30115.0
2020-03-24,1.95,2.14,1.94,1.96,20000.0,30183.0
2020-03-25,2.05,2.05,1.97,2.05,36070.0,31201.0
2020-03-26,2.0,2.13,1.91,1.92,49680.0,29980.0
2020-03-27,2.04,2.04,1.79,1.8,44230.0,29234.0
2020-03-30,1.87,1.87,1.7,1.82,17270.0,27402.0
2020-03-31,1.82,1.86,1.7,1.79,92360.0,27877.0
2020-04-01,1.68,1.77,1.67,1.77,83290.0,28691.0
2020-04-03,1.76,1.79,1.7,1.77,25730.0,30402.0
2020-04-06,1.86,1.86,1.77,1.82,22420.0,32379.0
2020-04-07,1.82,1.82,1.75,1.8,20210.0,32243.0
2020-04-08,1.8,1.85,1.7,1.84,36580.0,31936.0
2020-04-09,1.84,1.92,1.83,1.89,96500.0,31936.0
2020-04-10,1.89,1.9,1.83,1.88,12070.0,31629.0
2020-04-13,1.88,1.9,1.83,1.88,22610.0,31698.0
2020-04-14,1.89,1.89,1.79,1.85,41880.0,33743.0
2020-04-15,1.8,1.85,1.78,1.83,24770.0,34152.0
2020-04-16,1.77,1.87,1.77,1.8,10480.0,34288.0
2020-04-17,1.9,1.91,1.85,1.86,64170.0,34901.0
2020-04-20,1.86,1.95,1.81,1.88,29610.0,34970.0
2020-04-21,1.86,1.86,1.77,1.8,22960.0,33606.0
2020-04-22,1.71,1.85,1.71,1.85,21570.0,34833.0
2020-04-23,1.84,1.86,1.84,1.86,18230.0,34765.0
2020-04-24,1.86,1.89,1.84,1.88,26070.0,34765.0
2020-04-27,1.87,1.94,1.87,1.89,13580.0,34561.0
2020-04-28,1.92,1.92,1.85,1.91,34480.0,34561.0
2020-04-29,1.94,1.94,1.84,1.89,27720.0,34629.0
2020-05-04,1.88,1.93,1.85,1.85,15240.0,34424.0
2020-05-05,1.9,1.9,1.83,1.88,38760.0,34697.0
2020-05-06,1.88,1.89,1.83,1.86,48660.0,36060.0
2020-05-07,1.86,1.88,1.84,1.84,37800.0,36469.0
2020-05-08,1.81,1.88,1.81,1.86,52060.0,36606.0
2020-05-11,1.84,1.86,1.83,1.85,7930.0,36810.0
2020-05-12,1.84,1.88,1.84,1.86,35670.0,37083.0
2020-05-13,1.86,1.86,1.84,1.86,27620.0,33640.0
2020-05-14,1.84,1.86,1.84,1.86,35870.0,33197.0
2020-05-15,1.86,1.99,1.86,1.93,34110.0,32720.0
2020-05-18,1.93,1.93,1.89,1.9,12460.0,32959.0
2020-05-19,1.9,1.91,1.88,1.89,17600.0,33572.0
2020-05-20,1.89,1.9,1.88,1.89,25470.0,33334.0
2020-05-21,1.98,1.98,1.88,1.89,25180.0,38647.0
2020-05-22,1.88,1.9,1.88,1.88,22070.0,37980.0
2020-05-25,1.95,1.95,1.89,1.89,3940.0,37980.0
2020-05-26,1.89,2.02,1.86,2.02,136130.0,38255.0
2020-05-27,2.16,2.16,2.15,2.16,327380.0,37627.0
2020-05-28,2.31,2.31,2.31,2.31,123500.0,37627.0
2020-05-29,2.47,2.47,2.47,2.47,26880.0,37588.0
2020-06-01,2.64,2.64,2.64,2.64,50330.0,37863.0
2020-06-02,2.82,2.82,2.46,2.58,494380.0,37627.0
2020-06-03,2.45,2.76,2.43,2.76,497610.0,38137.0
2020-06-04,2.95,2.95,2.95,2.95,168200.0,37941.0
2020-06-05,3.15,3.15,3.15,3.15,181180.0,38176.0
2020-06-08,3.37,3.37,3.37,3.37,95490.0,38686.0
2020-06-09,3.6,3.6,3.2,3.6,742690.0,38372.0
2020-06-10,3.85,3.85,3.83,3.85,1199410.0,38255.0
2020-06-11,4.11,4.11,3.82,3.84,1896860.0,36060.0
2020-06-12,3.64,3.64,3.58,3.58,406680.0,36844.0
2020-06-15,3.5,3.5,3.33,3.33,498070.0,36060.0
2020-06-16,3.1,3.1,3.1,3.1,53120.0,36530.0
2020-06-17,2.89,2.89,2.89,2.89,42170.0,36334.0
2020-06-18,2.69,3.09,2.69,3.09,1699990.0,36530.0
2020-06-19,3.3,3.3,3.29,3.3,1414420.0,36844.0
2020-06-22,3.48,3.53,3.45,3.53,381980.0,36844.0
2020-06-23,3.59,3.59,3.29,3.29,851720.0,37275.0
2020-06-24,3.06,3.25,3.06,3.06,1253070.0,37000.0
2020-06-25,2.86,3.2,2.85,3.18,414800.0,36687.0
2020-06-26,3.18,3.26,2.96,2.96,527500.0,36726.0
2020-06-29,2.77,2.77,2.76,2.76,189320.0,36099.0
2020-06-30,2.65,2.76,2.57,2.57,240230.0,35785.0
2020-07-01,2.41,2.68,2.4,2.52,426870.0,36216.0
2020-07-02,2.52,2.67,2.4,2.59,155950.0,36177.0
2020-07-03,2.59,2.67,2.59,2.66,73910.0,36256.0
2020-07-06,2.6,2.65,2.48,2.65,143320.0,36687.0
2020-07-07,2.74,2.83,2.65,2.83,244880.0,37196.0
2020-07-08,2.95,3.02,2.66,2.66,320710.0,37392.0
2020-07-09,2.79,2.84,2.59,2.59,439690.0,37902.0
2020-07-10,2.55,2.74,2.41,2.57,476220.0,37471.0
2020-07-13,2.57,2.57,2.4,2.4,377450.0,38137.0
2020-07-14,2.4,2.5,2.29,2.49,187020.0,38059.0
2020-07-15,2.4,2.49,2.4,2.46,56310.0,38098.0
2020-07-16,2.39,2.45,2.37,2.37,135890.0,38098.0
2020-07-17,2.45,2.45,2.31,2.39,56390.0,37706.0
2020-07-20,2.39,2.4,2.23,2.25,143760.0,37157.0
2020-07-21,2.15,2.25,2.15,2.23,74300.0,37471.0
2020-07-22,2.27,2.27,2.1,2.22,42840.0,37157.0
2020-07-23,2.2,2.2,2.14,2.15,36490.0,37431.0
2020-07-24,2.14,2.14,2.0,2.0,151430.0,35981.0
2020-07-27,1.86,2.04,1.86,1.86,162330.0,34257.0
2020-07-28,1.76,1.99,1.76,1.99,184970.0,35824.0
2020-07-29,1.99,1.99,1.86,1.91,205430.0,34923.0
2020-07-30,1.81,2.0,1.81,1.92,39320.0,35393.0
2020-07-31,1.81,2.05,1.81,2.05,207260.0,34884.0
2020-08-03,2.01,2.15,2.01,2.13,103770.0,35981.0
2020-08-04,2.15,2.16,2.13,2.15,42660.0,36491.0
2020-08-05,2.17,2.17,2.05,2.14,97720.0,36844.0
2020-08-06,2.14,2.14,2.0,2.07,60710.0,36687.0
2020-08-07,2.12,2.12,1.95,2.0,44840.0,36922.0
2020-08-10,2.0,2.14,1.9,2.14,45300.0,37000.0
2020-08-11,2.14,2.23,2.06,2.06,25960.0,36844.0
2020-08-12,2.06,2.1,1.92,2.0,83970.0,37235.0
2020-08-13,2.09,2.09,1.94,2.03,47510.0,37588.0
2020-08-14,2.08,2.08,2.03,2.03,7040.0,37471.0
2020-08-17,2.03,2.04,1.91,1.91,42590.0,36844.0
2020-08-18,1.95,2.04,1.94,2.04,84840.0,36726.0
2020-08-19,2.18,2.18,2.18,2.18,111940.0,36726.0
2020-08-20,2.33,2.33,2.25,2.33,835150.0,36883.0
2020-08-21,2.48,2.49,2.45,2.49,180810.0,37157.0
2020-08-24,2.66,2.66,2.65,2.66,276220.0,37980.0
2020-08-25,2.77,2.77,2.48,2.48,474420.0,38294.0
2020-08-26,2.4,2.48,2.31,2.32,387460.0,37941.0
2020-08-27,2.44,2.48,2.25,2.48,163910.0,39078.0
2020-08-28,2.57,2.57,2.4,2.4,91940.0,39117.0
2020-08-31,2.36,2.41,2.29,2.32,107520.0,38803.0
2020-09-01,2.23,2.36,2.23,2.34,98730.0,39117.0
2020-09-03,2.47,2.47,2.34,2.39,54840.0,39509.0
2020-09-04,2.32,2.39,2.32,2.34,53120.0,39195.0
2020-09-07,2.42,2.42,2.34,2.4,114240.0,38019.0
2020-09-08,2.4,2.42,2.35,2.35,62900.0,38803.0
2020-09-09,2.38,2.4,2.32,2.39,89540.0,38568.0
2020-09-10,2.4,2.4,2.37,2.39,145220.0,38568.0
2020-09-11,2.4,2.55,2.36,2.55,157900.0,38529.0
2020-09-14,2.55,2.55,2.46,2.48,287080.0,38647.0
2020-09-15,2.48,2.55,2.44,2.45,178250.0,39195.0
2020-09-16,2.44,2.49,2.41,2.47,52360.0,39587.0
2020-09-17,2.47,2.5,2.36,2.36,102140.0,39195.0
2020-09-18,2.36,2.42,2.3,2.42,137490.0,40136.0
2020-09-21,2.42,2.43,2.35,2.37,171590.0,40136.0
2020-09-22,2.4,2.4,2.33,2.36,185790.0,40214.0
2020-09-23,2.36,2.38,2.35,2.36,34840.0,40058.0
2020-09-24,2.36,2.37,2.34,2.36,47690.0,39587.0
2020-09-25,2.42,2.42,2.31,2.33,160560.0,39822.0
2020-09-28,2.33,2.38,2.27,2.3,186840.0,40058.0
2020-09-29,2.3,2.35,2.29,2.33,80410.0,39352.0
2020-09-30,2.33,2.35,2.3,2.35,72610.0,39195.0
2020-10-01,2.4,2.4,2.25,2.32,47980.0,39822.0
2020-10-02,2.35,2.35,2.25,2.27,156610.0,39430.0
2020-10-05,2.26,2.3,2.26,2.3,106810.0,39587.0
2020-10-06,2.3,2.46,2.28,2.46,286770.0,39587.0
2020-10-07,2.45,2.45,2.37,2.44,78160.0,39509.0
2020-10-08,2.44,2.44,2.35,2.41,64770.0,40058.0
2020-10-09,2.41,2.41,2.3,2.35,123980.0,39822.0
2020-10-12,2.31,2.48,2.31,2.35,20960.0,39901.0
2020-10-13,2.35,2.35,2.3,2.35,30110.0,39744.0
2020-10-14,2.31,2.34,2.3,2.3,64670.0,39979.0
2020-10-15,2.29,2.35,2.27,2.3,25750.0,40136.0
2020-10-16,2.3,2.3,2.24,2.27,54270.0,41704.0
2020-10-19,2.23,2.23,2.15,2.2,74070.0,41782.0
2020-10-20,2.23,2.29,2.18,2.28,11470.0,41704.0
2020-10-21,2.28,2.28,2.21,2.26,4220.0,41390.0
2020-10-22,2.26,2.26,2.15,2.16,48240.0,42331.0
2020-10-23,2.17,2.23,2.17,2.2,21190.0,42252.0
2020-10-26,2.19,2.29,2.19,2.2,14750.0,41390.0
2020-10-27,2.15,2.24,2.15,2.22,9020.0,40841.0
2020-10-28,2.22,2.22,2.1,2.22,47900.0,39744.0
2020-10-29,2.22,2.22,2.07,2.17,43970.0,39901.0
2020-10-30,2.13,2.17,2.13,2.16,3310.0,40371.0
2020-11-02,2.15,2.15,2.07,2.1,38590.0,40528.0
2020-11-03,2.1,2.18,2.07,2.1,49490.0,41390.0
2020-11-04,2.09,2.14,2.08,2.09,45500.0,41547.0
2020-11-05,2.18,2.18,2.1,2.16,19120.0,40763.0
2020-11-06,2.1,2.16,2.1,2.1,4670.0,41077.0
2020-11-09,2.06,2.19,2.02,2.06,55440.0,41861.0
2020-11-10,2.1,2.16,2.07,2.12,9830.0,41547.0
2020-11-11,2.12,2.12,2.09,2.11,13540.0,41547.0
2020-11-12,2.11,2.14,2.11,2.13,6350.0,41939.0
2020-11-13,2.03,2.16,2.03,2.1,12600.0,42174.0
2020-11-16,2.1,2.13,2.09,2.1,23830.0,41782.0
2020-11-17,2.13,2.13,2.09,2.11,79170.0,42331.0
2020-11-18,2.11,2.15,2.1,2.15,28250.0,42331.0
2020-11-19,2.15,2.2,2.1,2.2,53160.0,43193.0
2020-11-20,2.15,2.19,2.09,2.14,53150.0,43272.0
2020-11-23,2.19,2.19,2.09,2.09,53200.0,43820.0
2020-11-24,2.09,2.15,2.06,2.08,37310.0,43585.0
2020-11-25,2.1,2.11,2.06,2.06,60640.0,43272.0
2020-11-26,2.06,2.13,2.06,2.06,59570.0,43664.0
2020-11-27,2.12,2.12,2.07,2.07,50980.0,44055.0
2020-11-30,2.11,2.11,2.05,2.07,67190.0,43428.0
2020-12-01,2.07,2.1,2.05,2.08,35630.0,43272.0
2020-12-02,2.12,2.22,2.1,2.22,0.0,43585.0
2020-12-03,2.37,2.37,2.37,2.37,283500.0,43585.0
2020-12-04,2.53,2.53,2.41,2.45,654260.0,43664.0
2020-12-07,2.49,2.49,2.3,2.3,124340.0,43664.0
2020-12-08,2.22,2.46,2.22,2.41,373720.0,44055.0
2020-12-09,2.39,2.4,2.31,2.39,76540.0,45075.0
2020-12-10,2.4,2.42,2.32,2.34,113620.0,44291.0
2020-12-11,2.3,2.33,2.23,2.3,172630.0,44683.0
2020-12-14,2.39,2.39,2.26,2.32,73430.0,44839.0
2020-12-15,2.27,2.34,2.26,2.31,287560.0,44447.0
2020-12-16,2.31,2.37,2.29,2.36,238490.0,44761.0
2020-12-17,2.36,2.46,2.33,2.4,255410.0,44291.0
2020-12-18,2.35,2.43,2.31,2.4,108860.0,44604.0
2020-12-21,2.42,2.46,2.38,2.4,179800.0,45075.0
2020-12-22,2.4,2.49,2.37,2.44,311260.0,45545.0
2020-12-23,2.59,2.61,2.45,2.47,531810.0,45075.0
2020-12-24,2.56,2.56,2.35,2.5,130070.0,44683.0
2020-12-25,2.44,2.49,2.34,2.48,111750.0,45153.0
2020-12-28,2.48,2.5,2.34,2.48,130880.0,45466.0
2020-12-29,2.48,2.48,2.42,2.46,81690.0,45937.0
2020-12-30,2.4,2.63,2.4,2.52,326990.0,45545.0
2020-12-31,2.52,2.52,2.45,2.5,44750.0,46329.0
